uni245C8	U+245C8	𤗈
uni24618	U+24618	𤘘
uni24629	U+24629	𤘩
uni2462A	U+2462A	𤘪
uni24665	U+24665	𤙥
uni24674	U+24674	𤙴
uni24697	U+24697	𤚗
uni246A5	U+246A5	𤚥
uni246D4	U+246D4	𤛔
uni24706	U+24706	𤜆
uni24725	U+24725	𤜥
uni2472F	U+2472F	𤜯
uni2478F	U+2478F	𤞏
uni247E0	U+247E0	𤟠
uni247F1	U+247F1	𤟱
uni24812	U+24812	𤠒
uni24823	U+24823	𤠣
uni24882	U+24882	𤢂
uni24896	U+24896	𤢖
uni248F0	U+248F0	𤣰
uni248F1	U+248F1	𤣱
uni248F2	U+248F2	𤣲
uni248F3	U+248F3	𤣳
uni248FB	U+248FB	𤣻
uni248FF	U+248FF	𤣿
uni24900	U+24900	𤤀
uni24901	U+24901	𤤁
uni2490C	U+2490C	𤤌
uni24916	U+24916	𤤖
uni24917	U+24917	𤤗
uni24919	U+24919	𤤙
uni2492F	U+2492F	𤤯
uni24933	U+24933	𤤳
uni24934	U+24934	𤤴
uni2493E	U+2493E	𤤾
uni2493F	U+2493F	𤤿
uni24940	U+24940	𤥀
uni24941	U+24941	𤥁
uni24942	U+24942	𤥂
uni24943	U+24943	𤥃
uni24962	U+24962	𤥢
uni24963	U+24963	𤥣
uni24974	U+24974	𤥴
uni24975	U+24975	𤥵
uni24976	U+24976	𤥶
uni2497B	U+2497B	𤥻
uni2497F	U+2497F	𤥿
uni24982	U+24982	𤦂
uni24988	U+24988	𤦈
uni24989	U+24989	𤦉
uni2498A	U+2498A	𤦊
uni2498B	U+2498B	𤦋
uni2498C	U+2498C	𤦌
uni2498D	U+2498D	𤦍
uni2498E	U+2498E	𤦎
uni2498F	U+2498F	𤦏
uni24994	U+24994	𤦔
uni249A4	U+249A4	𤦤
uni249A7	U+249A7	𤦧
uni249A9	U+249A9	𤦩
uni249AB	U+249AB	𤦫
uni249AC	U+249AC	𤦬
uni249AD	U+249AD	𤦭
uni249B7	U+249B7	𤦷
uni249B8	U+249B8	𤦸
uni249B9	U+249B9	𤦹
uni249BA	U+249BA	𤦺
uni249BB	U+249BB	𤦻
uni249C5	U+249C5	𤧅
uni249D0	U+249D0	𤧐
uni249DA	U+249DA	𤧚
uni249DB	U+249DB	𤧛
uni249DE	U+249DE	𤧞
uni249DF	U+249DF	𤧟
uni249E3	U+249E3	𤧣
uni249E5	U+249E5	𤧥
uni249EC	U+249EC	𤧬
uni249ED	U+249ED	𤧭
uni249F6	U+249F6	𤧶
uni249F7	U+249F7	𤧷
uni249F8	U+249F8	𤧸
uni249F9	U+249F9	𤧹
uni249FB	U+249FB	𤧻
uni24A01	U+24A01	𤨁
uni24A0E	U+24A0E	𤨎
uni24A12	U+24A12	𤨒
uni24A13	U+24A13	𤨓
uni24A15	U+24A15	𤨕
uni24A21	U+24A21	𤨡
uni24A22	U+24A22	𤨢
uni24A23	U+24A23	𤨣
uni24A24	U+24A24	𤨤
uni24A25	U+24A25	𤨥
uni24A26	U+24A26	𤨦
uni24A27	U+24A27	𤨧
uni24A28	U+24A28	𤨨
uni24A29	U+24A29	𤨩
uni24A2A	U+24A2A	𤨪
uni24A3E	U+24A3E	𤨾
uni24A42	U+24A42	𤩂
uni24A45	U+24A45	𤩅
uni24A4A	U+24A4A	𤩊
uni24A4D	U+24A4D	𤩍
uni24A4E	U+24A4E	𤩎
uni24A4F	U+24A4F	𤩏
uni24A50	U+24A50	𤩐
uni24A51	U+24A51	𤩑
uni24A5D	U+24A5D	𤩝
uni24A65	U+24A65	𤩥
uni24A66	U+24A66	𤩦
uni24A67	U+24A67	𤩧
uni24A71	U+24A71	𤩱
uni24A77	U+24A77	𤩷
uni24A78	U+24A78	𤩸
uni24A79	U+24A79	𤩹
uni24A7A	U+24A7A	𤩺
uni24A7D	U+24A7D	𤩽
uni24A8C	U+24A8C	𤪌
uni24A93	U+24A93	𤪓
uni24A94	U+24A94	𤪔
uni24A95	U+24A95	𤪕
uni24A96	U+24A96	𤪖
uni24AA4	U+24AA4	𤪤
uni24AA5	U+24AA5	𤪥
uni24AA6	U+24AA6	𤪦
uni24AA7	U+24AA7	𤪧
uni24AB1	U+24AB1	𤪱
uni24AB2	U+24AB2	𤪲
uni24AB3	U+24AB3	𤪳
uni24ABA	U+24ABA	𤪺
uni24ABB	U+24ABB	𤪻
uni24ABC	U+24ABC	𤪼
uni24AC0	U+24AC0	𤫀
uni24AC7	U+24AC7	𤫇
uni24AC9	U+24AC9	𤫉
uni24ACA	U+24ACA	𤫊
uni24AD1	U+24AD1	𤫑
uni24ADF	U+24ADF	𤫟
uni24AE2	U+24AE2	𤫢
uni24AE9	U+24AE9	𤫩
uni24B0F	U+24B0F	𤬏
uni24B56	U+24B56	𤭖
uni24B6E	U+24B6E	𤭮
uni24B6F	U+24B6F	𤭯
uni24BF5	U+24BF5	𤯵
uni24C09	U+24C09	𤰉
uni24C16	U+24C16	𤰖
uni24C9E	U+24C9E	𤲞
uni24C9F	U+24C9F	𤲟
uni24CC9	U+24CC9	𤳉
uni24CD9	U+24CD9	𤳙
uni24D06	U+24D06	𤴆
uni24D13	U+24D13	𤴓
uni24D14	U+24D14	𤴔
uni24DB8	U+24DB8	𤶸
uni24DEA	U+24DEA	𤷪
uni24DEB	U+24DEB	𤷫
uni24E04	U+24E04	𤸄
uni24E0E	U+24E0E	𤸎
uni24E37	U+24E37	𤸷
uni24E3B	U+24E3B	𤸻
uni24E50	U+24E50	𤹐
uni24E6A	U+24E6A	𤹪
uni24E8B	U+24E8B	𤺋
uni24EA5	U+24EA5	𤺥
uni24EA7	U+24EA7	𤺧
uni24F0E	U+24F0E	𤼎
uni24F5C	U+24F5C	𤽜
uni24F82	U+24F82	𤾂
uni24F86	U+24F86	𤾆
uni24F97	U+24F97	𤾗
uni24F9A	U+24F9A	𤾚
uni24FA9	U+24FA9	𤾩
uni24FB8	U+24FB8	𤾸
uni24FC2	U+24FC2	𤿂
uni24FF2	U+24FF2	𤿲
uni2502C	U+2502C	𥀬
uni2504A	U+2504A	𥁊
uni25052	U+25052	𥁒
uni25055	U+25055	𥁕
uni2509D	U+2509D	𥂝
uni25122	U+25122	𥄢
uni2512B	U+2512B	𥄫
uni25148	U+25148	𥅈
uni2517D	U+2517D	𥅽
uni2517E	U+2517E	𥅾
uni251A9	U+251A9	𥆩
uni251CD	U+251CD	𥇍
uni251E3	U+251E3	𥇣
uni251E5	U+251E5	𥇥
uni251E6	U+251E6	𥇦
uni251E7	U+251E7	𥇧
uni2521E	U+2521E	𥈞
uni25220	U+25220	𥈠
uni25221	U+25221	𥈡
uni2524C	U+2524C	𥉌
uni25250	U+25250	𥉐
uni25299	U+25299	𥊙
uni252C7	U+252C7	𥋇
uni252D8	U+252D8	𥋘
uni2530E	U+2530E	𥌎
uni25311	U+25311	𥌑
uni25313	U+25313	𥌓
uni2533E	U+2533E	𥌾
uni253B5	U+253B5	𥎵
uni253FE	U+253FE	𥏾
uni25419	U+25419	𥐙
uni25425	U+25425	𥐥
uni2542E	U+2542E	𥐮
uni2542F	U+2542F	𥐯
uni25430	U+25430	𥐰
uni25446	U+25446	𥑆
uni2546C	U+2546C	𥑬
uni2546E	U+2546E	𥑮
uni2548E	U+2548E	𥒎
uni2549A	U+2549A	𥒚
uni254D9	U+254D9	𥓙
uni2550E	U+2550E	𥔎
uni25531	U+25531	𥔱
uni25532	U+25532	𥔲
uni25535	U+25535	𥔵
uni2553F	U+2553F	𥔿
uni2555B	U+2555B	𥕛
uni2555C	U+2555C	𥕜
uni2555D	U+2555D	𥕝
uni2555E	U+2555E	𥕞
uni25562	U+25562	𥕢
uni25565	U+25565	𥕥
uni25566	U+25566	𥕦
uni25581	U+25581	𥖁
uni25584	U+25584	𥖄
uni2558F	U+2558F	𥖏
uni255A7	U+255A7	𥖧
uni255A8	U+255A8	𥖨
uni255B9	U+255B9	𥖹
uni255D5	U+255D5	𥗕
uni255DB	U+255DB	𥗛
uni255E0	U+255E0	𥗠
uni25605	U+25605	𥘅
uni25635	U+25635	𥘵
uni25651	U+25651	𥙑
uni2567F	U+2567F	𥙿
uni25683	U+25683	𥚃
uni25695	U+25695	𥚕
uni256E3	U+256E3	𥛣
uni256F6	U+256F6	𥛶
uni25706	U+25706	𥜆
uni2571D	U+2571D	𥜝
uni25725	U+25725	𥜥
uni2573D	U+2573D	𥜽
uni25771	U+25771	𥝱
uni25772	U+25772	𥝲
uni257A9	U+257A9	𥞩
uni257B4	U+257B4	𥞴
uni257C7	U+257C7	𥟇
uni257DF	U+257DF	𥟟
uni257E0	U+257E0	𥟠
uni257E1	U+257E1	𥟡
uni25832	U+25832	𥠲
uni2583A	U+2583A	𥠺
uni25857	U+25857	𥡗
uni2585D	U+2585D	𥡝
uni25872	U+25872	𥡲
uni25874	U+25874	𥡴
uni258C8	U+258C8	𥣈
uni258DE	U+258DE	𥣞
uni258E1	U+258E1	𥣡
uni25903	U+25903	𥤃
uni25946	U+25946	𥥆
uni25956	U+25956	𥥖
uni25978	U+25978	𥥸
uni259AC	U+259AC	𥦬
uni259C4	U+259C4	𥧄
uni259CC	U+259CC	𥧌
uni259D4	U+259D4	𥧔
uni25A54	U+25A54	𥩔
uni25A95	U+25A95	𥪕
uni25A9C	U+25A9C	𥪜
uni25AAE	U+25AAE	𥪮
uni25AAF	U+25AAF	𥪯
uni25AE3	U+25AE3	𥫣
uni25AE4	U+25AE4	𥫤
uni25AE9	U+25AE9	𥫩
uni25AF1	U+25AF1	𥫱
uni25B74	U+25B74	𥭴
uni25B89	U+25B89	𥮉
uni25B97	U+25B97	𥮗
uni25BB2	U+25BB2	𥮲
uni25BB3	U+25BB3	𥮳
uni25BB4	U+25BB4	𥮴
uni25BC6	U+25BC6	𥯆
uni25BE4	U+25BE4	𥯤
uni25BE8	U+25BE8	𥯨
uni25C01	U+25C01	𥰁
uni25C06	U+25C06	𥰆
uni25C21	U+25C21	𥰡
uni25C4A	U+25C4A	𥱊
uni25C4B	U+25C4B	𥱋
uni25C64	U+25C64	𥱤
uni25C65	U+25C65	𥱥
uni25C91	U+25C91	𥲑
uni25CA4	U+25CA4	𥲤
uni25CC0	U+25CC0	𥳀
uni25CC1	U+25CC1	𥳁
uni25CFE	U+25CFE	𥳾
uni25D20	U+25D20	𥴠
uni25D30	U+25D30	𥴰
uni25D43	U+25D43	𥵃
uni25D99	U+25D99	𥶙
uni25DA1	U+25DA1	𥶡
uni25DB9	U+25DB9	𥶹
uni25E0E	U+25E0E	𥸎
uni25E2E	U+25E2E	𥸮
uni25E44	U+25E44	𥹄
uni25E49	U+25E49	𥹉
uni25E56	U+25E56	𥹖
uni25E62	U+25E62	𥹢
uni25E65	U+25E65	𥹥
uni25E81	U+25E81	𥺁
uni25E82	U+25E82	𥺂
uni25E83	U+25E83	𥺃
uni25EA6	U+25EA6	𥺦
uni25EBC	U+25EBC	𥺼
uni25EC2	U+25EC2	𥻂
uni25ED7	U+25ED7	𥻗
uni25ED8	U+25ED8	𥻘
uni25EE8	U+25EE8	𥻨
uni25F1A	U+25F1A	𥼚
uni25F23	U+25F23	𥼣
uni25F4B	U+25F4B	𥽋
uni25F5C	U+25F5C	𥽜
uni25FD4	U+25FD4	𥿔
uni25FE0	U+25FE0	𥿠
uni25FE1	U+25FE1	𥿡
uni25FE2	U+25FE2	𥿢
uni25FFB	U+25FFB	𥿻
uni2600C	U+2600C	𦀌
uni26017	U+26017	𦀗
uni26021	U+26021	𦀡
uni26029	U+26029	𦀩
uni26048	U+26048	𦁈
uni26057	U+26057	𦁗
uni26060	U+26060	𦁠
uni26064	U+26064	𦁤
uni26083	U+26083	𦂃
uni26097	U+26097	𦂗
uni260A4	U+260A4	𦂤
uni260A5	U+260A5	𦂥
uni260ED	U+260ED	𦃭
uni26102	U+26102	𦄂
uni26121	U+26121	𦄡
uni26159	U+26159	𦅙
uni2615A	U+2615A	𦅚
uni2615B	U+2615B	𦅛
uni2615C	U+2615C	𦅜
uni261AD	U+261AD	𦆭
uni261AE	U+261AE	𦆮
uni261B2	U+261B2	𦆲
uni261DD	U+261DD	𦇝
uni26221	U+26221	𦈡
uni26222	U+26222	𦈢
uni26258	U+26258	𦉘
uni26261	U+26261	𦉡
uni2626A	U+2626A	𦉪
uni2626B	U+2626B	𦉫
uni26270	U+26270	𦉰
uni26286	U+26286	𦊆
uni262D0	U+262D0	𦋐
uni26335	U+26335	𦌵
uni2634B	U+2634B	𦍋
uni2634C	U+2634C	𦍌
uni26351	U+26351	𦍑
uni263BE	U+263BE	𦎾
uni263F5	U+263F5	𦏵
uni263F8	U+263F8	𦏸
uni26402	U+26402	𦐂
uni26410	U+26410	𦐐
uni26411	U+26411	𦐑
uni26412	U+26412	𦐒
uni2644A	U+2644A	𦑊
uni26469	U+26469	𦑩
uni26484	U+26484	𦒄
uni26488	U+26488	𦒈
uni26489	U+26489	𦒉
uni2648D	U+2648D	𦒍
uni26498	U+26498	𦒘
uni26512	U+26512	𦔒
uni26572	U+26572	𦕲
uni265A0	U+265A0	𦖠
uni265A4	U+265A4	𦖤
uni265AD	U+265AD	𦖭
uni265BF	U+265BF	𦖿
uni26612	U+26612	𦘒
uni26626	U+26626	𦘦
uni26676	U+26676	𦙶
uni2667E	U+2667E	𦙾
uni266AF	U+266AF	𦚯
uni266B0	U+266B0	𦚰
uni266B1	U+266B1	𦚱
uni266B5	U+266B5	𦚵
uni266DA	U+266DA	𦛚
uni266E8	U+266E8	𦛨
uni266FC	U+266FC	𦛼
uni26716	U+26716	𦜖
uni2671D	U+2671D	𦜝
uni26741	U+26741	𦝁
uni2677C	U+2677C	𦝼
uni26799	U+26799	𦞙
uni267B3	U+267B3	𦞳
uni267B4	U+267B4	𦞴
uni267CC	U+267CC	𦟌
uni267D8	U+267D8	𦟘
uni2681C	U+2681C	𦠜
uni26846	U+26846	𦡆
uni2685E	U+2685E	𦡞
uni2686E	U+2686E	𦡮
uni26888	U+26888	𦢈
uni2688A	U+2688A	𦢊
uni26893	U+26893	𦢓
uni268C7	U+268C7	𦣇
uni268DD	U+268DD	𦣝
uni268EA	U+268EA	𦣪
uni2690E	U+2690E	𦤎
uni26911	U+26911	𦤑
uni26926	U+26926	𦤦
uni26939	U+26939	𦤹
uni2696F	U+2696F	𦥯
uni26999	U+26999	𦦙
uni269A8	U+269A8	𦦨
uni269B5	U+269B5	𦦵
uni269DD	U+269DD	𦧝
uni269F2	U+269F2	𦧲
uni269FA	U+269FA	𦧺
uni26A1E	U+26A1E	𦨞
uni26A2D	U+26A2D	𦨭
uni26A2E	U+26A2E	𦨮
uni26A34	U+26A34	𦨴
uni26A42	U+26A42	𦩂
uni26A51	U+26A51	𦩑
uni26A52	U+26A52	𦩒
uni26A58	U+26A58	𦩘
uni26A8C	U+26A8C	𦪌
uni26AB7	U+26AB7	𦪷
uni26AFF	U+26AFF	𦫿
uni26B05	U+26B05	𦬅
uni26B0A	U+26B0A	𦬊
uni26B13	U+26B13	𦬓
uni26B15	U+26B15	𦬕
uni26B23	U+26B23	𦬣
uni26B28	U+26B28	𦬨
uni26B50	U+26B50	𦭐
uni26B51	U+26B51	𦭑
uni26B52	U+26B52	𦭒
uni26B53	U+26B53	𦭓
uni26B5B	U+26B5B	𦭛
uni26B5C	U+26B5C	𦭜
uni26B75	U+26B75	𦭵
uni26B82	U+26B82	𦮂
uni26B96	U+26B96	𦮖
uni26B97	U+26B97	𦮗
uni26B9D	U+26B9D	𦮝
uni26BB3	U+26BB3	𦮳
uni26BC0	U+26BC0	𦯀
uni26BF7	U+26BF7	𦯷
uni26C21	U+26C21	𦰡
uni26C29	U+26C29	𦰩
uni26C40	U+26C40	𦱀
uni26C41	U+26C41	𦱁
uni26C46	U+26C46	𦱆
uni26C73	U+26C73	𦱳
uni26C7E	U+26C7E	𦱾
uni26C7F	U+26C7F	𦱿
uni26C80	U+26C80	𦲀
uni26C81	U+26C81	𦲁
uni26C82	U+26C82	𦲂
uni26C9E	U+26C9E	𦲞
uni26CA4	U+26CA4	𦲤
uni26CB7	U+26CB7	𦲷
uni26CB8	U+26CB8	𦲸
uni26CBD	U+26CBD	𦲽
uni26CC0	U+26CC0	𦳀
uni26CC3	U+26CC3	𦳃
uni26CD1	U+26CD1	𦳑
uni26CDD	U+26CDD	𦳝
uni26D22	U+26D22	𦴢
uni26D23	U+26D23	𦴣
uni26D24	U+26D24	𦴤
uni26D25	U+26D25	𦴥
uni26D26	U+26D26	𦴦
uni26D27	U+26D27	𦴧
uni26D28	U+26D28	𦴨
uni26D29	U+26D29	𦴩
uni26D2A	U+26D2A	𦴪
uni26D51	U+26D51	𦵑
uni26D74	U+26D74	𦵴
uni26DA0	U+26DA0	𦶠
uni26DA1	U+26DA1	𦶡
uni26DA2	U+26DA2	𦶢
uni26DA3	U+26DA3	𦶣
uni26DA4	U+26DA4	𦶤
uni26DA5	U+26DA5	𦶥
uni26DA6	U+26DA6	𦶦
uni26DA7	U+26DA7	𦶧
uni26DAE	U+26DAE	𦶮
uni26DDC	U+26DDC	𦷜
uni26DEA	U+26DEA	𦷪
uni26DEB	U+26DEB	𦷫
uni26DF0	U+26DF0	𦷰
uni26E00	U+26E00	𦸀
uni26E05	U+26E05	𦸅
uni26E07	U+26E07	𦸇
uni26E12	U+26E12	𦸒
uni26E40	U+26E40	𦹀
uni26E42	U+26E42	𦹂
uni26E43	U+26E43	𦹃
uni26E44	U+26E44	𦹄
uni26E45	U+26E45	𦹅
uni26E65	U+26E65	𦹥
uni26E6E	U+26E6E	𦹮
uni26E72	U+26E72	𦹲
uni26E77	U+26E77	𦹷
uni26E84	U+26E84	𦺄
uni26E88	U+26E88	𦺈
uni26E8B	U+26E8B	𦺋
uni26E99	U+26E99	𦺙
uni26ED0	U+26ED0	𦻐
uni26ED1	U+26ED1	𦻑
uni26ED2	U+26ED2	𦻒
uni26ED3	U+26ED3	𦻓
uni26ED4	U+26ED4	𦻔
uni26ED5	U+26ED5	𦻕
uni26ED6	U+26ED6	𦻖
uni26ED7	U+26ED7	𦻗
uni26F26	U+26F26	𦼦
uni26F73	U+26F73	𦽳
uni26F74	U+26F74	𦽴
uni26F94	U+26F94	𦾔
uni26F9F	U+26F9F	𦾟
uni26FA1	U+26FA1	𦾡
uni26FBE	U+26FBE	𦾾
uni26FDE	U+26FDE	𦿞
uni26FDF	U+26FDF	𦿟
uni26FF6	U+26FF6	𦿶
uni26FF7	U+26FF7	𦿷
uni26FF8	U+26FF8	𦿸
uni2700E	U+2700E	𧀎
uni2704B	U+2704B	𧁋
uni27052	U+27052	𧁒
uni27053	U+27053	𧁓
uni27088	U+27088	𧂈
uni270AD	U+270AD	𧂭
uni270AE	U+270AE	𧂮
uni270AF	U+270AF	𧂯
uni270CD	U+270CD	𧃍
uni270D2	U+270D2	𧃒
uni270F0	U+270F0	𧃰
uni270F4	U+270F4	𧃴
uni270F8	U+270F8	𧃸
uni27109	U+27109	𧄉
uni2710C	U+2710C	𧄌
uni2710D	U+2710D	𧄍
uni27126	U+27126	𧄦
uni27127	U+27127	𧄧
uni27139	U+27139	𧄹
uni27144	U+27144	𧅄
uni27164	U+27164	𧅤
uni27165	U+27165	𧅥
uni27175	U+27175	𧅵
uni271CD	U+271CD	𧇍
uni2721B	U+2721B	𧈛
uni27267	U+27267	𧉧
uni27280	U+27280	𧊀
uni27285	U+27285	𧊅
uni2728B	U+2728B	𧊋
uni272B2	U+272B2	𧊲
uni272B6	U+272B6	𧊶
uni272E6	U+272E6	𧋦
uni27352	U+27352	𧍒
uni2739A	U+2739A	𧎚
uni273DA	U+273DA	𧏚
uni273DB	U+273DB	𧏛
uni273FE	U+273FE	𧏾
uni273FF	U+273FF	𧏿
uni27410	U+27410	𧐐
uni27422	U+27422	𧐢
uni27449	U+27449	𧑉
uni27450	U+27450	𧑐
uni27484	U+27484	𧒄
uni27486	U+27486	𧒆
uni274BD	U+274BD	𧒽
uni27574	U+27574	𧕴
uni275A3	U+275A3	𧖣
uni275E0	U+275E0	𧗠
uni275E4	U+275E4	𧗤
uni275FD	U+275FD	𧗽
uni275FE	U+275FE	𧗾
uni275FF	U+275FF	𧗿
uni27607	U+27607	𧘇
uni2760C	U+2760C	𧘌
uni27614	U+27614	𧘔
uni27615	U+27615	𧘕
uni27625	U+27625	𧘥
uni27631	U+27631	𧘱
uni27632	U+27632	𧘲
uni27639	U+27639	𧘹
uni27655	U+27655	𧙕
uni27656	U+27656	𧙖
uni27657	U+27657	𧙗
uni27684	U+27684	𧚄
uni27693	U+27693	𧚓
uni27694	U+27694	𧚔
uni2770E	U+2770E	𧜎
uni2770F	U+2770F	𧜏
uni27723	U+27723	𧜣
uni27735	U+27735	𧜵
uni27736	U+27736	𧜶
uni27741	U+27741	𧝁
uni27752	U+27752	𧝒
uni2775E	U+2775E	𧝞
uni27784	U+27784	𧞄
uni27785	U+27785	𧞅
uni277CC	U+277CC	𧟌
uni27858	U+27858	𧡘
uni27870	U+27870	𧡰
uni2789D	U+2789D	𧢝
uni278C8	U+278C8	𧣈
uni27924	U+27924	𧤤
uni27967	U+27967	𧥧
uni2797A	U+2797A	𧥺
uni27985	U+27985	𧦅
uni279A0	U+279A0	𧦠
uni279B4	U+279B4	𧦴
uni279DD	U+279DD	𧧝
uni279FD	U+279FD	𧧽
uni27A0A	U+27A0A	𧨊
uni27A0E	U+27A0E	𧨎
uni27A3E	U+27A3E	𧨾
uni27A51	U+27A51	𧩑
uni27A53	U+27A53	𧩓
uni27A59	U+27A59	𧩙
uni27A79	U+27A79	𧩹
uni27A84	U+27A84	𧪄
uni27ABD	U+27ABD	𧪽
uni27ABE	U+27ABE	𧪾
uni27AF4	U+27AF4	𧫴
uni27B02	U+27B02	𧬂
uni27B06	U+27B06	𧬆
uni27B0B	U+27B0B	𧬋
uni27B18	U+27B18	𧬘
uni27B38	U+27B38	𧬸
uni27B39	U+27B39	𧬹
uni27B3A	U+27B3A	𧬺
uni27B48	U+27B48	𧭈
uni27B65	U+27B65	𧭥
uni27BB3	U+27BB3	𧮳
uni27BBE	U+27BBE	𧮾
uni27BC7	U+27BC7	𧯇
uni27BEF	U+27BEF	𧯯
uni27BF4	U+27BF4	𧯴
uni27C12	U+27C12	𧰒
uni27C3C	U+27C3C	𧰼
uni27C6C	U+27C6C	𧱬
uni27CB1	U+27CB1	𧲱
uni27CB8	U+27CB8	𧲸
uni27CC5	U+27CC5	𧳅
uni27CEF	U+27CEF	𧳯
uni27D2F	U+27D2F	𧴯
uni27D53	U+27D53	𧵓
uni27D54	U+27D54	𧵔
uni27D66	U+27D66	𧵦
uni27D73	U+27D73	𧵳
uni27D84	U+27D84	𧶄
uni27D8F	U+27D8F	𧶏
uni27D98	U+27D98	𧶘
uni27DA0	U+27DA0	𧶠
uni27DBD	U+27DBD	𧶽
uni27DDC	U+27DDC	𧷜
uni27E10	U+27E10	𧸐
uni27E4D	U+27E4D	𧹍
uni27E4F	U+27E4F	𧹏
uni27E7D	U+27E7D	𧹽
uni27F1B	U+27F1B	𧼛
uni27F2E	U+27F2E	𧼮
uni27FF9	U+27FF9	𧿹
uni28002	U+28002	𨀂
uni28009	U+28009	𨀉
uni2801E	U+2801E	𨀞
uni28023	U+28023	𨀣
uni28024	U+28024	𨀤
uni28048	U+28048	𨁈
uni28083	U+28083	𨂃
uni2808A	U+2808A	𨂊
uni28090	U+28090	𨂐
uni280BB	U+280BB	𨂻
uni280BD	U+280BD	𨂽
uni280BE	U+280BE	𨂾
uni280E8	U+280E8	𨃨
uni280E9	U+280E9	𨃩
uni280F4	U+280F4	𨃴
uni2812E	U+2812E	𨄮
uni2814F	U+2814F	𨅏
uni2815D	U+2815D	𨅝
uni2816F	U+2816F	𨅯
uni28189	U+28189	𨆉
uni281AF	U+281AF	𨆯
uni281BC	U+281BC	𨆼
uni28207	U+28207	𨈇
uni28218	U+28218	𨈘
uni2821A	U+2821A	𨈚
uni28256	U+28256	𨉖
uni28277	U+28277	𨉷
uni2827C	U+2827C	𨉼
uni28282	U+28282	𨊂
uni2829B	U+2829B	𨊛
uni282CD	U+282CD	𨋍
uni282E2	U+282E2	𨋢
uni282F3	U+282F3	𨋳
uni28306	U+28306	𨌆
uni28318	U+28318	𨌘
uni2832F	U+2832F	𨌯
uni2833A	U+2833A	𨌺
uni28365	U+28365	𨍥
uni2836D	U+2836D	𨍭
uni2837D	U+2837D	𨍽
uni2838A	U+2838A	𨎊
uni283CD	U+283CD	𨏍
uni283F6	U+283F6	𨏶
uni28408	U+28408	𨐈
uni2840C	U+2840C	𨐌
uni28412	U+28412	𨐒
uni28455	U+28455	𨑕
uni28468	U+28468	𨑨
uni2846C	U+2846C	𨑬
uni28473	U+28473	𨑳
uni28482	U+28482	𨒂
uni284DC	U+284DC	𨓜
uni28501	U+28501	𨔁
uni2853C	U+2853C	𨔼
uni2853D	U+2853D	𨔽
uni2856B	U+2856B	𨕫
uni2856C	U+2856C	𨕬
uni285C8	U+285C8	𨗈
uni285C9	U+285C9	𨗉
uni285E8	U+285E8	𨗨
uni285F4	U+285F4	𨗴
uni28600	U+28600	𨘀
uni2860B	U+2860B	𨘋
uni28625	U+28625	𨘥
uni2863B	U+2863B	𨘻
uni28678	U+28678	𨙸
uni28695	U+28695	𨚕
uni286AA	U+286AA	𨚪
uni286AB	U+286AB	𨚫
uni286B2	U+286B2	𨚲
uni286BC	U+286BC	𨚼
uni286D7	U+286D7	𨛗
uni286D8	U+286D8	𨛘
uni286E6	U+286E6	𨛦
uni286FA	U+286FA	𨛺
uni2870F	U+2870F	𨜏
uni28713	U+28713	𨜓
uni287E0	U+287E0	𨟠
uni28804	U+28804	𨠄
uni2882B	U+2882B	𨠫
uni2890D	U+2890D	𨤍
uni28933	U+28933	𨤳
uni28946	U+28946	𨥆
uni28948	U+28948	𨥈
uni28949	U+28949	𨥉
uni28956	U+28956	𨥖
uni28964	U+28964	𨥤
uni28968	U+28968	𨥨
uni2896B	U+2896B	𨥫
uni2896C	U+2896C	𨥬
uni2896D	U+2896D	𨥭
uni2897E	U+2897E	𨥾
uni28987	U+28987	𨦇
uni28988	U+28988	𨦈
uni28989	U+28989	𨦉
uni289A8	U+289A8	𨦨
uni289AA	U+289AA	𨦪
uni289AB	U+289AB	𨦫
uni289B8	U+289B8	𨦸
uni289BA	U+289BA	𨦺
uni289BB	U+289BB	𨦻
uni289BC	U+289BC	𨦼
uni289C0	U+289C0	𨧀
uni289DC	U+289DC	𨧜
uni289DE	U+289DE	𨧞
uni289E1	U+289E1	𨧡
uni289E3	U+289E3	𨧣
uni289E4	U+289E4	𨧤
uni289E7	U+289E7	𨧧
uni289E8	U+289E8	𨧨
uni289F9	U+289F9	𨧹
uni289FA	U+289FA	𨧺
uni289FB	U+289FB	𨧻
uni289FC	U+289FC	𨧼
uni28A0F	U+28A0F	𨨏
uni28A16	U+28A16	𨨖
uni28A1E	U+28A1E	𨨞
uni28A25	U+28A25	𨨥
uni28A29	U+28A29	𨨩
uni28A32	U+28A32	𨨲
uni28A36	U+28A36	𨨶
uni28A43	U+28A43	𨩃
uni28A44	U+28A44	𨩄
uni28A45	U+28A45	𨩅
uni28A46	U+28A46	𨩆
uni28A47	U+28A47	𨩇
uni28A48	U+28A48	𨩈
uni28A49	U+28A49	𨩉
uni28A4A	U+28A4A	𨩊
uni28A4B	U+28A4B	𨩋
uni28A59	U+28A59	𨩙
uni28A5A	U+28A5A	𨩚
uni28A71	U+28A71	𨩱
uni28A81	U+28A81	𨪁
uni28A82	U+28A82	𨪂
uni28A83	U+28A83	𨪃
uni28A99	U+28A99	𨪙
uni28A9A	U+28A9A	𨪚
uni28A9B	U+28A9B	𨪛
uni28A9C	U+28A9C	𨪜
uni28AC0	U+28AC0	𨫀
uni28AC6	U+28AC6	𨫆
uni28ACB	U+28ACB	𨫋
uni28ACC	U+28ACC	𨫌
uni28ACD	U+28ACD	𨫍
uni28ACE	U+28ACE	𨫎
uni28ADD	U+28ADD	𨫝
uni28ADE	U+28ADE	𨫞
uni28ADF	U+28ADF	𨫟
uni28AE0	U+28AE0	𨫠
uni28AE1	U+28AE1	𨫡
uni28AE2	U+28AE2	𨫢
uni28AE3	U+28AE3	𨫣
uni28AE4	U+28AE4	𨫤
uni28AE5	U+28AE5	𨫥
uni28AEA	U+28AEA	𨫪
uni28AFC	U+28AFC	𨫼
uni28B0C	U+28B0C	𨬌
uni28B13	U+28B13	𨬓
uni28B21	U+28B21	𨬡
uni28B22	U+28B22	𨬢
uni28B2B	U+28B2B	𨬫
uni28B2C	U+28B2C	𨬬
uni28B2D	U+28B2D	𨬭
uni28B2F	U+28B2F	𨬯
uni28B46	U+28B46	𨭆
uni28B49	U+28B49	𨭉
uni28B4C	U+28B4C	𨭌
uni28B4E	U+28B4E	𨭎
uni28B50	U+28B50	𨭐
uni28B63	U+28B63	𨭣
uni28B64	U+28B64	𨭤
uni28B65	U+28B65	𨭥
uni28B66	U+28B66	𨭦
uni28B6C	U+28B6C	𨭬
uni28B8F	U+28B8F	𨮏
uni28B99	U+28B99	𨮙
uni28B9C	U+28B9C	𨮜
uni28B9D	U+28B9D	𨮝
uni28BB9	U+28BB9	𨮹
uni28BC1	U+28BC1	𨯁
uni28BC2	U+28BC2	𨯂
uni28BC5	U+28BC5	𨯅
uni28BD4	U+28BD4	𨯔
uni28BD7	U+28BD7	𨯗
uni28BD9	U+28BD9	𨯙
uni28BDA	U+28BDA	𨯚
uni28BE7	U+28BE7	𨯧
uni28BE8	U+28BE8	𨯨
uni28BE9	U+28BE9	𨯩
uni28BEA	U+28BEA	𨯪
uni28BEB	U+28BEB	𨯫
uni28BEC	U+28BEC	𨯬
uni28BEF	U+28BEF	𨯯
uni28BF5	U+28BF5	𨯵
uni28BFF	U+28BFF	𨯿
uni28C03	U+28C03	𨰃
uni28C09	U+28C09	𨰉
uni28C1C	U+28C1C	𨰜
uni28C1D	U+28C1D	𨰝
uni28C23	U+28C23	𨰣
uni28C26	U+28C26	𨰦
uni28C2B	U+28C2B	𨰫
uni28C30	U+28C30	𨰰
uni28C39	U+28C39	𨰹
uni28C3B	U+28C3B	𨰻
uni28C47	U+28C47	𨱇
uni28C4F	U+28C4F	𨱏
uni28C51	U+28C51	𨱑
uni28C54	U+28C54	𨱔
uni28CCA	U+28CCA	𨳊
uni28CCD	U+28CCD	𨳍
uni28CD2	U+28CD2	𨳒
uni28CDD	U+28CDD	𨳝
uni28D10	U+28D10	𨴐
uni28D34	U+28D34	𨴴
uni28D71	U+28D71	𨵱
uni28D8A	U+28D8A	𨶊
uni28D99	U+28D99	𨶙
uni28DA1	U+28DA1	𨶡
uni28DB9	U+28DB9	𨶹
uni28DFB	U+28DFB	𨷻
uni28E17	U+28E17	𨸗
uni28E1F	U+28E1F	𨸟
uni28E36	U+28E36	𨸶
uni28E39	U+28E39	𨸹
uni28E65	U+28E65	𨹥
uni28E66	U+28E66	𨹦
uni28E89	U+28E89	𨺉
uni28E97	U+28E97	𨺗
uni28E99	U+28E99	𨺙
uni28EAC	U+28EAC	𨺬
uni28EB2	U+28EB2	𨺲
uni28EB3	U+28EB3	𨺳
uni28ED9	U+28ED9	𨻙
uni28EE7	U+28EE7	𨻧
uni28EEB	U+28EEB	𨻫
uni28EF6	U+28EF6	𨻶
uni28F32	U+28F32	𨼲
uni28FC5	U+28FC5	𨿅
uni28FF8	U+28FF8	𨿸
uni29079	U+29079	𩁹
uni29088	U+29088	𩂈
uni2908B	U+2908B	𩂋
uni29093	U+29093	𩂓
uni290AF	U+290AF	𩂯
uni290B0	U+290B0	𩂰
uni290B1	U+290B1	𩂱
uni290C0	U+290C0	𩃀
uni290E4	U+290E4	𩃤
uni290E5	U+290E5	𩃥
uni290EC	U+290EC	𩃬
uni290ED	U+290ED	𩃭
uni2910D	U+2910D	𩄍
uni29110	U+29110	𩄐
uni2913C	U+2913C	𩄼
uni2914D	U+2914D	𩅍
uni2915B	U+2915B	𩅛
uni2915E	U+2915E	𩅞
uni29170	U+29170	𩅰
uni2919C	U+2919C	𩆜
uni291A8	U+291A8	𩆨
uni291D5	U+291D5	𩇕
uni291E3	U+291E3	𩇣
uni291EB	U+291EB	𩇫
uni292A0	U+292A0	𩊠
uni292B1	U+292B1	𩊱
uni2941D	U+2941D	𩐝
uni29420	U+29420	𩐠
uni29433	U+29433	𩐳
uni2943F	U+2943F	𩐿
uni29448	U+29448	𩑈
uni29490	U+29490	𩒐
uni294D0	U+294D0	𩓐
uni294D9	U+294D9	𩓙
uni294DA	U+294DA	𩓚
uni294DE	U+294DE	𩓞
uni294E5	U+294E5	𩓥
uni294E7	U+294E7	𩓧
uni29509	U+29509	𩔉
uni2959E	U+2959E	𩖞
uni295B0	U+295B0	𩖰
uni295B8	U+295B8	𩖸
uni295CF	U+295CF	𩗏
uni295D7	U+295D7	𩗗
uni295E9	U+295E9	𩗩
uni295F4	U+295F4	𩗴
uni296F0	U+296F0	𩛰
uni29719	U+29719	𩜙
uni29720	U+29720	𩜠
uni29732	U+29732	𩜲
uni29750	U+29750	𩝐
uni297D4	U+297D4	𩟔
uni2983B	U+2983B	𩠻
uni29857	U+29857	𩡗
uni298A4	U+298A4	𩢤
uni298C6	U+298C6	𩣆
uni298D1	U+298D1	𩣑
uni298EA	U+298EA	𩣪
uni298F1	U+298F1	𩣱
uni298FA	U+298FA	𩣺
uni29903	U+29903	𩤃
uni29905	U+29905	𩤅
uni2992F	U+2992F	𩤯
uni29945	U+29945	𩥅
uni29947	U+29947	𩥇
uni29948	U+29948	𩥈
uni29949	U+29949	𩥉
uni2995D	U+2995D	𩥝
uni2996A	U+2996A	𩥪
uni2999D	U+2999D	𩦝
uni299C3	U+299C3	𩧃
uni299C9	U+299C9	𩧉
uni29A28	U+29A28	𩨨
uni29A4D	U+29A4D	𩩍
uni29A72	U+29A72	𩩲
uni29B05	U+29B05	𩬅
uni29B0E	U+29B0E	𩬎
uni29BD5	U+29BD5	𩯕
uni29C73	U+29C73	𩱳
uni29CAD	U+29CAD	𩲭
uni29D3E	U+29D3E	𩴾
uni29D4B	U+29D4B	𩵋
uni29D5A	U+29D5A	𩵚
uni29D7C	U+29D7C	𩵼
uni29D98	U+29D98	𩶘
uni29D9B	U+29D9B	𩶛
uni29DDB	U+29DDB	𩷛
uni29DF6	U+29DF6	𩷶
uni29E06	U+29E06	𩸆
uni29E15	U+29E15	𩸕
uni29E2D	U+29E2D	𩸭
uni29E3D	U+29E3D	𩸽
uni29E49	U+29E49	𩹉
uni29E68	U+29E68	𩹨
uni29E8A	U+29E8A	𩺊
uni29EAC	U+29EAC	𩺬
uni29EB0	U+29EB0	𩺰
uni29EC3	U+29EC3	𩻃
uni29EC4	U+29EC4	𩻄
