uni8794	U+8794	螔
uni8795	U+8795	螕
uni8796	U+8796	螖
uni8797	U+8797	螗
uni8798	U+8798	螘
uni8799	U+8799	螙
uni879A	U+879A	螚
uni879B	U+879B	螛
uni879C	U+879C	螜
uni879D	U+879D	螝
uni879E	U+879E	螞
uni879F	U+879F	螟
uni87A0	U+87A0	螠
uni87A1	U+87A1	螡
uni87A2	U+87A2	螢
uni87A3	U+87A3	螣
uni87A4	U+87A4	螤
uni87A5	U+87A5	螥
uni87A6	U+87A6	螦
uni87A7	U+87A7	螧
uni87A8	U+87A8	螨
uni87A9	U+87A9	螩
uni87AA	U+87AA	螪
uni87AB	U+87AB	螫
uni87AC	U+87AC	螬
uni87AD	U+87AD	螭
uni87AE	U+87AE	螮
uni87AF	U+87AF	螯
uni87B0	U+87B0	螰
uni87B1	U+87B1	螱
uni87B2	U+87B2	螲
uni87B3	U+87B3	螳
uni87B4	U+87B4	螴
uni87B5	U+87B5	螵
uni87B6	U+87B6	螶
uni87B7	U+87B7	螷
uni87B8	U+87B8	螸
uni87B9	U+87B9	螹
uni87BA	U+87BA	螺
uni87BB	U+87BB	螻
uni87BC	U+87BC	螼
uni87BD	U+87BD	螽
uni87BE	U+87BE	螾
uni87BF	U+87BF	螿
uni87C0	U+87C0	蟀
uni87C1	U+87C1	蟁
uni87C2	U+87C2	蟂
uni87C3	U+87C3	蟃
uni87C4	U+87C4	蟄
uni87C5	U+87C5	蟅
uni87C6	U+87C6	蟆
uni87C7	U+87C7	蟇
uni87C8	U+87C8	蟈
uni87C9	U+87C9	蟉
uni87CA	U+87CA	蟊
uni87CB	U+87CB	蟋
uni87CC	U+87CC	蟌
uni87CD	U+87CD	蟍
uni87CE	U+87CE	蟎
uni87CF	U+87CF	蟏
uni87D0	U+87D0	蟐
uni87D1	U+87D1	蟑
uni87D2	U+87D2	蟒
uni87D3	U+87D3	蟓
uni87D4	U+87D4	蟔
uni87D5	U+87D5	蟕
uni87D6	U+87D6	蟖
uni87D7	U+87D7	蟗
uni87D8	U+87D8	蟘
uni87D9	U+87D9	蟙
uni87DA	U+87DA	蟚
uni87DB	U+87DB	蟛
uni87DC	U+87DC	蟜
uni87DD	U+87DD	蟝
uni87DE	U+87DE	蟞
uni87DF	U+87DF	蟟
uni87E0	U+87E0	蟠
uni87E1	U+87E1	蟡
uni87E2	U+87E2	蟢
uni87E3	U+87E3	蟣
uni87E4	U+87E4	蟤
uni87E5	U+87E5	蟥
uni87E6	U+87E6	蟦
uni87E7	U+87E7	蟧
uni87E8	U+87E8	蟨
uni87E9	U+87E9	蟩
uni87EA	U+87EA	蟪
uni87EB	U+87EB	蟫
uni87EC	U+87EC	蟬
uni87ED	U+87ED	蟭
uni87EE	U+87EE	蟮
uni87EF	U+87EF	蟯
uni87F0	U+87F0	蟰
uni87F1	U+87F1	蟱
uni87F2	U+87F2	蟲
uni87F3	U+87F3	蟳
uni87F4	U+87F4	蟴
uni87F5	U+87F5	蟵
uni87F6	U+87F6	蟶
uni87F7	U+87F7	蟷
uni87F8	U+87F8	蟸
uni87F9	U+87F9	蟹
uni87FA	U+87FA	蟺
uni87FB	U+87FB	蟻
uni87FC	U+87FC	蟼
uni87FD	U+87FD	蟽
uni87FE	U+87FE	蟾
uni87FF	U+87FF	蟿
uni8800	U+8800	蠀
uni8801	U+8801	蠁
uni8802	U+8802	蠂
uni8803	U+8803	蠃
uni8804	U+8804	蠄
uni8805	U+8805	蠅
uni8806	U+8806	蠆
uni8807	U+8807	蠇
uni8808	U+8808	蠈
uni8809	U+8809	蠉
uni880A	U+880A	蠊
uni880B	U+880B	蠋
uni880C	U+880C	蠌
uni880D	U+880D	蠍
uni880E	U+880E	蠎
uni880F	U+880F	蠏
uni8810	U+8810	蠐
uni8811	U+8811	蠑
uni8812	U+8812	蠒
uni8813	U+8813	蠓
uni8814	U+8814	蠔
uni8815	U+8815	蠕
uni8816	U+8816	蠖
uni8817	U+8817	蠗
uni8818	U+8818	蠘
uni8819	U+8819	蠙
uni881A	U+881A	蠚
uni881B	U+881B	蠛
uni881C	U+881C	蠜
uni881D	U+881D	蠝
uni881E	U+881E	蠞
uni881F	U+881F	蠟
uni8820	U+8820	蠠
uni8821	U+8821	蠡
uni8822	U+8822	蠢
uni8823	U+8823	蠣
uni8824	U+8824	蠤
uni8825	U+8825	蠥
uni8826	U+8826	蠦
uni8827	U+8827	蠧
uni8828	U+8828	蠨
uni8829	U+8829	蠩
uni882A	U+882A	蠪
uni882B	U+882B	蠫
uni882C	U+882C	蠬
uni882D	U+882D	蠭
uni882E	U+882E	蠮
uni882F	U+882F	蠯
uni8830	U+8830	蠰
uni8831	U+8831	蠱
uni8832	U+8832	蠲
uni8833	U+8833	蠳
uni8834	U+8834	蠴
uni8835	U+8835	蠵
uni8836	U+8836	蠶
uni8837	U+8837	蠷
uni8838	U+8838	蠸
uni8839	U+8839	蠹
uni883A	U+883A	蠺
uni883B	U+883B	蠻
uni883C	U+883C	蠼
uni883D	U+883D	蠽
uni883E	U+883E	蠾
uni883F	U+883F	蠿
uni8841	U+8841	衁
uni8842	U+8842	衂
uni8843	U+8843	衃
uni8844	U+8844	衄
uni8845	U+8845	衅
uni8846	U+8846	衆
uni8847	U+8847	衇
uni8848	U+8848	衈
uni8849	U+8849	衉
uni884A	U+884A	衊
uni884B	U+884B	衋
uni884D	U+884D	衍
uni884E	U+884E	衎
uni884F	U+884F	衏
uni8850	U+8850	衐
uni8851	U+8851	衑
uni8852	U+8852	衒
uni8853	U+8853	術
uni8854	U+8854	衔
uni8855	U+8855	衕
uni8856	U+8856	衖
uni8857	U+8857	街
uni8858	U+8858	衘
uni8859	U+8859	衙
uni885A	U+885A	衚
uni885B	U+885B	衛
uni885C	U+885C	衜
uni885D	U+885D	衝
uni885E	U+885E	衞
uni885F	U+885F	衟
uni8860	U+8860	衠
uni8861	U+8861	衡
uni8862	U+8862	衢
uni8865	U+8865	补
uni8866	U+8866	衦
uni8867	U+8867	衧
uni8868	U+8868	表
uni8869	U+8869	衩
uni886A	U+886A	衪
uni886B	U+886B	衫
uni886C	U+886C	衬
uni886D	U+886D	衭
uni886E	U+886E	衮
uni886F	U+886F	衯
uni8870	U+8870	衰
uni8871	U+8871	衱
uni8872	U+8872	衲
uni8873	U+8873	衳
uni8874	U+8874	衴
uni8875	U+8875	衵
uni8876	U+8876	衶
uni8877	U+8877	衷
uni8878	U+8878	衸
uni8879	U+8879	衹
uni887A	U+887A	衺
uni887B	U+887B	衻
uni887C	U+887C	衼
uni887D	U+887D	衽
uni887E	U+887E	衾
uni887F	U+887F	衿
uni8880	U+8880	袀
uni8881	U+8881	袁
uni8882	U+8882	袂
uni8883	U+8883	袃
uni8884	U+8884	袄
uni8885	U+8885	袅
uni8886	U+8886	袆
uni8887	U+8887	袇
uni8888	U+8888	袈
uni8889	U+8889	袉
uni888A	U+888A	袊
uni888B	U+888B	袋
uni888C	U+888C	袌
uni888D	U+888D	袍
uni888E	U+888E	袎
uni888F	U+888F	袏
uni8890	U+8890	袐
uni8891	U+8891	袑
uni8892	U+8892	袒
uni8893	U+8893	袓
uni8894	U+8894	袔
uni8895	U+8895	袕
uni8896	U+8896	袖
uni8897	U+8897	袗
uni8898	U+8898	袘
uni8899	U+8899	袙
uni889A	U+889A	袚
uni889B	U+889B	袛
uni889C	U+889C	袜
uni889D	U+889D	袝
uni889E	U+889E	袞
uni889F	U+889F	袟
uni88A0	U+88A0	袠
uni88A1	U+88A1	袡
uni88A2	U+88A2	袢
uni88A3	U+88A3	袣
uni88A4	U+88A4	袤
uni88A5	U+88A5	袥
uni88A6	U+88A6	袦
uni88A7	U+88A7	袧
uni88A8	U+88A8	袨
uni88A9	U+88A9	袩
uni88AA	U+88AA	袪
uni88AB	U+88AB	被
uni88AC	U+88AC	袬
uni88AD	U+88AD	袭
uni88AE	U+88AE	袮
uni88AF	U+88AF	袯
uni88B0	U+88B0	袰
uni88B1	U+88B1	袱
uni88B2	U+88B2	袲
uni88B3	U+88B3	袳
uni88B4	U+88B4	袴
uni88B5	U+88B5	袵
uni88B6	U+88B6	袶
uni88B7	U+88B7	袷
uni88B8	U+88B8	袸
uni88B9	U+88B9	袹
uni88BA	U+88BA	袺
uni88BB	U+88BB	袻
uni88BC	U+88BC	袼
uni88BD	U+88BD	袽
uni88BE	U+88BE	袾
uni88BF	U+88BF	袿
uni88C0	U+88C0	裀
uni88C1	U+88C1	裁
uni88C2	U+88C2	裂
uni88C3	U+88C3	裃
uni88C4	U+88C4	裄
uni88C5	U+88C5	装
uni88C6	U+88C6	裆
uni88C7	U+88C7	裇
uni88C8	U+88C8	裈
uni88C9	U+88C9	裉
uni88CA	U+88CA	裊
uni88CB	U+88CB	裋
uni88CC	U+88CC	裌
uni88CD	U+88CD	裍
uni88CE	U+88CE	裎
uni88CF	U+88CF	裏
uni88D0	U+88D0	裐
uni88D1	U+88D1	裑
uni88D2	U+88D2	裒
uni88D3	U+88D3	裓
uni88D4	U+88D4	裔
uni88D5	U+88D5	裕
uni88D6	U+88D6	裖
uni88D7	U+88D7	裗
uni88D8	U+88D8	裘
uni88D9	U+88D9	裙
uni88DA	U+88DA	裚
uni88DB	U+88DB	裛
uni88DC	U+88DC	補
uni88DD	U+88DD	裝
uni88DE	U+88DE	裞
uni88DF	U+88DF	裟
uni88E0	U+88E0	裠
uni88E1	U+88E1	裡
uni88E2	U+88E2	裢
uni88E3	U+88E3	裣
uni88E4	U+88E4	裤
uni88E5	U+88E5	裥
uni88E6	U+88E6	裦
uni88E7	U+88E7	裧
uni88E8	U+88E8	裨
uni88E9	U+88E9	裩
uni88EA	U+88EA	裪
uni88EB	U+88EB	裫
uni88EC	U+88EC	裬
uni88ED	U+88ED	裭
uni88EE	U+88EE	裮
uni88EF	U+88EF	裯
uni88F0	U+88F0	裰
uni88F1	U+88F1	裱
uni88F2	U+88F2	裲
uni88F3	U+88F3	裳
uni88F4	U+88F4	裴
uni88F5	U+88F5	裵
uni88F6	U+88F6	裶
uni88F7	U+88F7	裷
uni88F8	U+88F8	裸
uni88F9	U+88F9	裹
uni88FA	U+88FA	裺
uni88FB	U+88FB	裻
uni88FC	U+88FC	裼
uni88FD	U+88FD	製
uni88FE	U+88FE	裾
uni88FF	U+88FF	裿
uni8900	U+8900	褀
uni8901	U+8901	褁
uni8902	U+8902	褂
uni8903	U+8903	褃
uni8904	U+8904	褄
uni8905	U+8905	褅
uni8906	U+8906	褆
uni8907	U+8907	複
uni8908	U+8908	褈
uni8909	U+8909	褉
uni890A	U+890A	褊
uni890B	U+890B	褋
uni890C	U+890C	褌
uni890D	U+890D	褍
uni890E	U+890E	褎
uni890F	U+890F	褏
uni8910	U+8910	褐
uni8911	U+8911	褑
uni8912	U+8912	褒
uni8913	U+8913	褓
uni8914	U+8914	褔
uni8915	U+8915	褕
uni8916	U+8916	褖
uni8917	U+8917	褗
uni8918	U+8918	褘
uni8919	U+8919	褙
uni891A	U+891A	褚
uni891B	U+891B	褛
uni891C	U+891C	褜
uni891D	U+891D	褝
uni891E	U+891E	褞
uni891F	U+891F	褟
uni8920	U+8920	褠
uni8921	U+8921	褡
uni8922	U+8922	褢
uni8923	U+8923	褣
uni8924	U+8924	褤
uni8925	U+8925	褥
uni8926	U+8926	褦
uni8927	U+8927	褧
uni8928	U+8928	褨
uni8929	U+8929	褩
uni892A	U+892A	褪
uni892B	U+892B	褫
uni892C	U+892C	褬
uni892D	U+892D	褭
uni892E	U+892E	褮
uni892F	U+892F	褯
uni8930	U+8930	褰
uni8931	U+8931	褱
uni8932	U+8932	褲
uni8933	U+8933	褳
uni8934	U+8934	褴
uni8935	U+8935	褵
uni8936	U+8936	褶
uni8937	U+8937	褷
uni8938	U+8938	褸
uni8939	U+8939	褹
uni893A	U+893A	褺
uni893B	U+893B	褻
uni893C	U+893C	褼
uni893D	U+893D	褽
uni893E	U+893E	褾
uni893F	U+893F	褿
uni8940	U+8940	襀
uni8941	U+8941	襁
uni8942	U+8942	襂
uni8943	U+8943	襃
uni8944	U+8944	襄
uni8945	U+8945	襅
uni8946	U+8946	襆
uni8947	U+8947	襇
uni8948	U+8948	襈
uni8949	U+8949	襉
uni894A	U+894A	襊
uni894B	U+894B	襋
uni894C	U+894C	襌
uni894D	U+894D	襍
uni894E	U+894E	襎
uni894F	U+894F	襏
uni8950	U+8950	襐
uni8951	U+8951	襑
uni8952	U+8952	襒
uni8953	U+8953	襓
uni8954	U+8954	襔
uni8955	U+8955	襕
uni8956	U+8956	襖
uni8957	U+8957	襗
uni8958	U+8958	襘
uni8959	U+8959	襙
uni895A	U+895A	襚
uni895B	U+895B	襛
uni895C	U+895C	襜
uni895D	U+895D	襝
uni895E	U+895E	襞
uni895F	U+895F	襟
uni8960	U+8960	襠
uni8961	U+8961	襡
uni8962	U+8962	襢
uni8963	U+8963	襣
uni8964	U+8964	襤
uni8965	U+8965	襥
uni8966	U+8966	襦
uni8967	U+8967	襧
uni8968	U+8968	襨
uni8969	U+8969	襩
uni896A	U+896A	襪
uni896B	U+896B	襫
uni896C	U+896C	襬
uni896D	U+896D	襭
uni896E	U+896E	襮
uni896F	U+896F	襯
uni8970	U+8970	襰
uni8971	U+8971	襱
uni8972	U+8972	襲
uni8973	U+8973	襳
uni8974	U+8974	襴
uni8975	U+8975	襵
uni8976	U+8976	襶
uni8977	U+8977	襷
uni8978	U+8978	襸
uni8979	U+8979	襹
uni897A	U+897A	襺
uni897B	U+897B	襻
uni897C	U+897C	襼
uni897D	U+897D	襽
uni8981	U+8981	要
uni8982	U+8982	覂
uni8983	U+8983	覃
uni8984	U+8984	覄
uni8985	U+8985	覅
uni8986	U+8986	覆
uni8987	U+8987	覇
uni8988	U+8988	覈
uni8989	U+8989	覉
uni898A	U+898A	覊
uni898C	U+898C	覌
uni898D	U+898D	覍
uni898E	U+898E	覎
uni898F	U+898F	規
uni8990	U+8990	覐
uni8991	U+8991	覑
uni8992	U+8992	覒
uni8993	U+8993	覓
uni8994	U+8994	覔
uni8995	U+8995	覕
uni8996	U+8996	視
uni8997	U+8997	覗
uni8998	U+8998	覘
uni8999	U+8999	覙
uni899A	U+899A	覚
uni899B	U+899B	覛
uni899C	U+899C	覜
uni899D	U+899D	覝
uni899E	U+899E	覞
uni899F	U+899F	覟
uni89A0	U+89A0	覠
uni89A1	U+89A1	覡
uni89A2	U+89A2	覢
uni89A3	U+89A3	覣
uni89A4	U+89A4	覤
uni89A5	U+89A5	覥
uni89A6	U+89A6	覦
uni89A7	U+89A7	覧
uni89A8	U+89A8	覨
uni89A9	U+89A9	覩
uni89AA	U+89AA	親
uni89AB	U+89AB	覫
uni89AC	U+89AC	覬
uni89AD	U+89AD	覭
uni89AE	U+89AE	覮
uni89AF	U+89AF	覯
uni89B0	U+89B0	覰
uni89B1	U+89B1	覱
uni89B2	U+89B2	覲
uni89B3	U+89B3	観
uni89B4	U+89B4	覴
uni89B5	U+89B5	覵
uni89B6	U+89B6	覶
uni89B7	U+89B7	覷
uni89B8	U+89B8	覸
uni89B9	U+89B9	覹
uni89BA	U+89BA	覺
uni89BB	U+89BB	覻
uni89BC	U+89BC	覼
uni89BD	U+89BD	覽
uni89BE	U+89BE	覾
uni89BF	U+89BF	覿
uni89C0	U+89C0	觀
uni89C2	U+89C2	观
uni89C3	U+89C3	觃
uni89C4	U+89C4	规
uni89C5	U+89C5	觅
uni89C6	U+89C6	视
uni89C7	U+89C7	觇
uni89C8	U+89C8	览
uni89C9	U+89C9	觉
uni89CA	U+89CA	觊
uni89CB	U+89CB	觋
uni89CC	U+89CC	觌
uni89CD	U+89CD	觍
uni89CE	U+89CE	觎
uni89CF	U+89CF	觏
uni89D0	U+89D0	觐
uni89D1	U+89D1	觑
uni89D3	U+89D3	觓
uni89D4	U+89D4	觔
uni89D5	U+89D5	觕
uni89D6	U+89D6	觖
uni89D7	U+89D7	觗
uni89D8	U+89D8	觘
uni89D9	U+89D9	觙
uni89DA	U+89DA	觚
uni89DB	U+89DB	觛
uni89DC	U+89DC	觜
uni89DD	U+89DD	觝
uni89DE	U+89DE	觞
uni89DF	U+89DF	觟
uni89E0	U+89E0	觠
uni89E1	U+89E1	觡
uni89E2	U+89E2	觢
uni89E3	U+89E3	解
uni89E4	U+89E4	觤
uni89E5	U+89E5	觥
uni89E6	U+89E6	触
uni89E7	U+89E7	觧
uni89E8	U+89E8	觨
uni89E9	U+89E9	觩
uni89EA	U+89EA	觪
uni89EB	U+89EB	觫
uni89EC	U+89EC	觬
uni89ED	U+89ED	觭
uni89EE	U+89EE	觮
uni89EF	U+89EF	觯
uni89F0	U+89F0	觰
uni89F1	U+89F1	觱
uni89F2	U+89F2	觲
uni89F3	U+89F3	觳
uni89F4	U+89F4	觴
uni89F5	U+89F5	觵
uni89F6	U+89F6	觶
uni89F7	U+89F7	觷
uni89F8	U+89F8	觸
uni89F9	U+89F9	觹
uni89FA	U+89FA	觺
uni89FB	U+89FB	觻
uni89FC	U+89FC	觼
uni89FD	U+89FD	觽
uni89FE	U+89FE	觾
uni89FF	U+89FF	觿
uni8A01	U+8A01	訁
uni8A02	U+8A02	訂
uni8A03	U+8A03	訃
uni8A04	U+8A04	訄
uni8A05	U+8A05	訅
uni8A06	U+8A06	訆
uni8A07	U+8A07	訇
uni8A08	U+8A08	計
uni8A09	U+8A09	訉
uni8A0A	U+8A0A	訊
uni8A0B	U+8A0B	訋
uni8A0C	U+8A0C	訌
uni8A0D	U+8A0D	訍
uni8A0E	U+8A0E	討
uni8A0F	U+8A0F	訏
uni8A10	U+8A10	訐
uni8A11	U+8A11	訑
uni8A12	U+8A12	訒
uni8A13	U+8A13	訓
uni8A14	U+8A14	訔
uni8A15	U+8A15	訕
uni8A16	U+8A16	訖
uni8A17	U+8A17	託
uni8A18	U+8A18	記
uni8A19	U+8A19	訙
uni8A1A	U+8A1A	訚
uni8A1B	U+8A1B	訛
uni8A1C	U+8A1C	訜
uni8A1D	U+8A1D	訝
uni8A1E	U+8A1E	訞
uni8A1F	U+8A1F	訟
uni8A20	U+8A20	訠
uni8A21	U+8A21	訡
uni8A22	U+8A22	訢
uni8A23	U+8A23	訣
uni8A24	U+8A24	訤
uni8A25	U+8A25	訥
uni8A26	U+8A26	訦
uni8A27	U+8A27	訧
uni8A28	U+8A28	訨
uni8A29	U+8A29	訩
uni8A2A	U+8A2A	訪
uni8A2B	U+8A2B	訫
uni8A2C	U+8A2C	訬
uni8A2D	U+8A2D	設
uni8A2E	U+8A2E	訮
uni8A2F	U+8A2F	訯
uni8A30	U+8A30	訰
uni8A31	U+8A31	許
uni8A32	U+8A32	訲
uni8A33	U+8A33	訳
uni8A34	U+8A34	訴
uni8A35	U+8A35	訵
uni8A36	U+8A36	訶
uni8A37	U+8A37	訷
uni8A38	U+8A38	訸
uni8A39	U+8A39	訹
uni8A3A	U+8A3A	診
uni8A3B	U+8A3B	註
uni8A3C	U+8A3C	証
uni8A3D	U+8A3D	訽
uni8A3E	U+8A3E	訾
uni8A3F	U+8A3F	訿
uni8A40	U+8A40	詀
uni8A41	U+8A41	詁
uni8A42	U+8A42	詂
uni8A43	U+8A43	詃
uni8A44	U+8A44	詄
uni8A45	U+8A45	詅
uni8A46	U+8A46	詆
uni8A47	U+8A47	詇
uni8A48	U+8A48	詈
uni8A49	U+8A49	詉
uni8A4A	U+8A4A	詊
uni8A4B	U+8A4B	詋
uni8A4C	U+8A4C	詌
uni8A4D	U+8A4D	詍
uni8A4E	U+8A4E	詎
uni8A4F	U+8A4F	詏
uni8A50	U+8A50	詐
uni8A51	U+8A51	詑
uni8A52	U+8A52	詒
uni8A53	U+8A53	詓
uni8A54	U+8A54	詔
uni8A55	U+8A55	評
uni8A56	U+8A56	詖
uni8A57	U+8A57	詗
uni8A58	U+8A58	詘
uni8A59	U+8A59	詙
uni8A5A	U+8A5A	詚
uni8A5B	U+8A5B	詛
uni8A5C	U+8A5C	詜
uni8A5D	U+8A5D	詝
uni8A5E	U+8A5E	詞
uni8A5F	U+8A5F	詟
uni8A60	U+8A60	詠
uni8A61	U+8A61	詡
uni8A62	U+8A62	詢
uni8A63	U+8A63	詣
uni8A64	U+8A64	詤
uni8A65	U+8A65	詥
uni8A66	U+8A66	試
uni8A67	U+8A67	詧
uni8A68	U+8A68	詨
uni8A69	U+8A69	詩
uni8A6A	U+8A6A	詪
uni8A6B	U+8A6B	詫
uni8A6C	U+8A6C	詬
uni8A6D	U+8A6D	詭
uni8A6E	U+8A6E	詮
uni8A6F	U+8A6F	詯
uni8A70	U+8A70	詰
uni8A71	U+8A71	話
uni8A72	U+8A72	該
uni8A73	U+8A73	詳
uni8A74	U+8A74	詴
uni8A75	U+8A75	詵
uni8A76	U+8A76	詶
uni8A77	U+8A77	詷
uni8A78	U+8A78	詸
uni8A79	U+8A79	詹
uni8A7A	U+8A7A	詺
uni8A7B	U+8A7B	詻
uni8A7C	U+8A7C	詼
uni8A7D	U+8A7D	詽
uni8A7E	U+8A7E	詾
uni8A7F	U+8A7F	詿
uni8A80	U+8A80	誀
uni8A81	U+8A81	誁
uni8A82	U+8A82	誂
uni8A83	U+8A83	誃
uni8A84	U+8A84	誄
uni8A85	U+8A85	誅
uni8A86	U+8A86	誆
uni8A87	U+8A87	誇
uni8A88	U+8A88	誈
uni8A89	U+8A89	誉
uni8A8A	U+8A8A	誊
uni8A8B	U+8A8B	誋
uni8A8C	U+8A8C	誌
uni8A8D	U+8A8D	認
uni8A8E	U+8A8E	誎
uni8A8F	U+8A8F	誏
uni8A90	U+8A90	誐
uni8A91	U+8A91	誑
uni8A92	U+8A92	誒
uni8A93	U+8A93	誓
uni8A94	U+8A94	誔
uni8A95	U+8A95	誕
uni8A96	U+8A96	誖
uni8A97	U+8A97	誗
uni8A98	U+8A98	誘
uni8A99	U+8A99	誙
uni8A9A	U+8A9A	誚
uni8A9B	U+8A9B	誛
uni8A9C	U+8A9C	誜
uni8A9D	U+8A9D	誝
uni8A9E	U+8A9E	語
uni8A9F	U+8A9F	誟
uni8AA0	U+8AA0	誠
uni8AA1	U+8AA1	誡
uni8AA2	U+8AA2	誢
uni8AA3	U+8AA3	誣
uni8AA4	U+8AA4	誤
uni8AA5	U+8AA5	誥
uni8AA6	U+8AA6	誦
uni8AA7	U+8AA7	誧
uni8AA8	U+8AA8	誨
uni8AA9	U+8AA9	誩
uni8AAA	U+8AAA	說
uni8AAB	U+8AAB	誫
uni8AAC	U+8AAC	説
uni8AAD	U+8AAD	読
uni8AAE	U+8AAE	誮
uni8AAF	U+8AAF	誯
uni8AB0	U+8AB0	誰
uni8AB1	U+8AB1	誱
uni8AB2	U+8AB2	課
uni8AB3	U+8AB3	誳
uni8AB4	U+8AB4	誴
uni8AB5	U+8AB5	誵
uni8AB6	U+8AB6	誶
uni8AB7	U+8AB7	誷
uni8AB8	U+8AB8	誸
uni8AB9	U+8AB9	誹
uni8ABA	U+8ABA	誺
uni8ABB	U+8ABB	誻
uni8ABC	U+8ABC	誼
uni8ABD	U+8ABD	誽
uni8ABE	U+8ABE	誾
uni8ABF	U+8ABF	調
uni8AC0	U+8AC0	諀
uni8AC1	U+8AC1	諁
uni8AC2	U+8AC2	諂
uni8AC3	U+8AC3	諃
uni8AC4	U+8AC4	諄
uni8AC5	U+8AC5	諅
uni8AC6	U+8AC6	諆
uni8AC7	U+8AC7	談
uni8AC8	U+8AC8	諈
uni8AC9	U+8AC9	諉
uni8ACA	U+8ACA	諊
uni8ACB	U+8ACB	請
uni8ACC	U+8ACC	諌
uni8ACD	U+8ACD	諍
uni8ACE	U+8ACE	諎
uni8ACF	U+8ACF	諏
uni8AD0	U+8AD0	諐
uni8AD1	U+8AD1	諑
uni8AD2	U+8AD2	諒
uni8AD3	U+8AD3	諓
uni8AD4	U+8AD4	諔
uni8AD5	U+8AD5	諕
uni8AD6	U+8AD6	論
uni8AD7	U+8AD7	諗
uni8AD8	U+8AD8	諘
uni8AD9	U+8AD9	諙
uni8ADA	U+8ADA	諚
uni8ADB	U+8ADB	諛
uni8ADC	U+8ADC	諜
uni8ADD	U+8ADD	諝
uni8ADE	U+8ADE	諞
uni8ADF	U+8ADF	諟
uni8AE0	U+8AE0	諠
uni8AE1	U+8AE1	諡
uni8AE2	U+8AE2	諢
uni8AE3	U+8AE3	諣
uni8AE4	U+8AE4	諤
uni8AE5	U+8AE5	諥
uni8AE6	U+8AE6	諦
uni8AE7	U+8AE7	諧
uni8AE8	U+8AE8	諨
uni8AE9	U+8AE9	諩
uni8AEA	U+8AEA	諪
uni8AEB	U+8AEB	諫
uni8AEC	U+8AEC	諬
uni8AED	U+8AED	諭
uni8AEE	U+8AEE	諮
uni8AEF	U+8AEF	諯
uni8AF0	U+8AF0	諰
uni8AF1	U+8AF1	諱
uni8AF2	U+8AF2	諲
uni8AF3	U+8AF3	諳
uni8AF4	U+8AF4	諴
uni8AF5	U+8AF5	諵
uni8AF6	U+8AF6	諶
uni8AF7	U+8AF7	諷
uni8AF8	U+8AF8	諸
uni8AF9	U+8AF9	諹
uni8AFA	U+8AFA	諺
uni8AFB	U+8AFB	諻
uni8AFC	U+8AFC	諼
uni8AFD	U+8AFD	諽
uni8AFE	U+8AFE	諾
uni8AFF	U+8AFF	諿
uni8B00	U+8B00	謀
uni8B01	U+8B01	謁
uni8B02	U+8B02	謂
uni8B03	U+8B03	謃
uni8B04	U+8B04	謄
uni8B05	U+8B05	謅
uni8B06	U+8B06	謆
uni8B07	U+8B07	謇
uni8B08	U+8B08	謈
uni8B09	U+8B09	謉
uni8B0A	U+8B0A	謊
uni8B0B	U+8B0B	謋
uni8B0C	U+8B0C	謌
uni8B0D	U+8B0D	謍
uni8B0E	U+8B0E	謎
uni8B0F	U+8B0F	謏
uni8B10	U+8B10	謐
uni8B11	U+8B11	謑
uni8B12	U+8B12	謒
uni8B13	U+8B13	謓
uni8B14	U+8B14	謔
uni8B15	U+8B15	謕
uni8B16	U+8B16	謖
uni8B17	U+8B17	謗
uni8B18	U+8B18	謘
uni8B19	U+8B19	謙
uni8B1A	U+8B1A	謚
uni8B1B	U+8B1B	講
uni8B1C	U+8B1C	謜
uni8B1D	U+8B1D	謝
uni8B1E	U+8B1E	謞
uni8B1F	U+8B1F	謟
uni8B20	U+8B20	謠
uni8B21	U+8B21	謡
uni8B22	U+8B22	謢
uni8B23	U+8B23	謣
uni8B24	U+8B24	謤
uni8B25	U+8B25	謥
uni8B26	U+8B26	謦
uni8B27	U+8B27	謧
uni8B28	U+8B28	謨
uni8B29	U+8B29	謩
uni8B2A	U+8B2A	謪
uni8B2B	U+8B2B	謫
uni8B2C	U+8B2C	謬
uni8B2D	U+8B2D	謭
uni8B2E	U+8B2E	謮
uni8B2F	U+8B2F	謯
uni8B30	U+8B30	謰
uni8B31	U+8B31	謱
uni8B32	U+8B32	謲
uni8B33	U+8B33	謳
uni8B34	U+8B34	謴
uni8B35	U+8B35	謵
uni8B36	U+8B36	謶
uni8B37	U+8B37	謷
uni8B38	U+8B38	謸
uni8B39	U+8B39	謹
uni8B3A	U+8B3A	謺
uni8B3B	U+8B3B	謻
uni8B3C	U+8B3C	謼
uni8B3D	U+8B3D	謽
uni8B3E	U+8B3E	謾
uni8B3F	U+8B3F	謿
uni8B40	U+8B40	譀
uni8B41	U+8B41	譁
uni8B42	U+8B42	譂
uni8B43	U+8B43	譃
uni8B44	U+8B44	譄
uni8B45	U+8B45	譅
uni8B46	U+8B46	譆
uni8B47	U+8B47	譇
uni8B48	U+8B48	譈
uni8B49	U+8B49	證
uni8B4A	U+8B4A	譊
uni8B4B	U+8B4B	譋
uni8B4C	U+8B4C	譌
uni8B4D	U+8B4D	譍
uni8B4E	U+8B4E	譎
uni8B4F	U+8B4F	譏
uni8B50	U+8B50	譐
uni8B51	U+8B51	譑
uni8B52	U+8B52	譒
uni8B53	U+8B53	譓
uni8B54	U+8B54	譔
uni8B55	U+8B55	譕
uni8B56	U+8B56	譖
uni8B57	U+8B57	譗
uni8B58	U+8B58	識
uni8B59	U+8B59	譙
uni8B5A	U+8B5A	譚
uni8B5B	U+8B5B	譛
uni8B5C	U+8B5C	譜
uni8B5D	U+8B5D	譝
uni8B5E	U+8B5E	譞
uni8B5F	U+8B5F	譟
uni8B60	U+8B60	譠
uni8B61	U+8B61	譡
uni8B62	U+8B62	譢
uni8B63	U+8B63	譣
uni8B64	U+8B64	譤
uni8B65	U+8B65	譥
uni8B66	U+8B66	警
uni8B67	U+8B67	譧
uni8B68	U+8B68	譨
uni8B69	U+8B69	譩
uni8B6A	U+8B6A	譪
uni8B6B	U+8B6B	譫
uni8B6C	U+8B6C	譬
uni8B6D	U+8B6D	譭
uni8B6E	U+8B6E	譮
uni8B6F	U+8B6F	譯
uni8B70	U+8B70	議
uni8B71	U+8B71	譱
uni8B72	U+8B72	譲
uni8B73	U+8B73	譳
uni8B74	U+8B74	譴
uni8B75	U+8B75	譵
uni8B76	U+8B76	譶
uni8B77	U+8B77	護
uni8B78	U+8B78	譸
uni8B79	U+8B79	譹
uni8B7A	U+8B7A	譺
uni8B7B	U+8B7B	譻
uni8B7C	U+8B7C	譼
uni8B7D	U+8B7D	譽
uni8B7E	U+8B7E	譾
uni8B7F	U+8B7F	譿
uni8B80	U+8B80	讀
uni8B81	U+8B81	讁
uni8B82	U+8B82	讂
uni8B83	U+8B83	讃
uni8B84	U+8B84	讄
uni8B85	U+8B85	讅
uni8B86	U+8B86	讆
uni8B87	U+8B87	讇
uni8B88	U+8B88	讈
uni8B89	U+8B89	讉
uni8B8A	U+8B8A	變
uni8B8B	U+8B8B	讋
uni8B8C	U+8B8C	讌
uni8B8D	U+8B8D	讍
uni8B8E	U+8B8E	讎
uni8B8F	U+8B8F	讏
uni8B90	U+8B90	讐
uni8B91	U+8B91	讑
uni8B92	U+8B92	讒
uni8B93	U+8B93	讓
uni8B94	U+8B94	讔
uni8B95	U+8B95	讕
uni8B96	U+8B96	讖
uni8B97	U+8B97	讗
uni8B98	U+8B98	讘
uni8B99	U+8B99	讙
uni8B9A	U+8B9A	讚
uni8B9B	U+8B9B	讛
uni8B9C	U+8B9C	讜
uni8B9D	U+8B9D	讝
uni8B9E	U+8B9E	讞
