U+4E42	乂
U+4E5C	乜
U+5140	兀
U+5F0B	弋
U+5B51	孑
U+5B53	孓
U+5E7A	幺
U+4E93	亓
U+97E6	韦
U+5EFF	廿
U+4E0F	丏
U+5345	卅
U+4EC4	仄
U+5384	厄
U+4EC3	仃
U+4EC9	仉
U+4EC2	仂
U+516E	兮
U+5208	刈
U+723B	爻
U+535E	卞
U+95E9	闩
U+8BA3	讣
U+5C39	尹
U+592C	夬
U+723F	爿
U+6BCB	毋
U+9097	邗
U+909B	邛
U+827D	艽
U+827F	艿
U+672D	札
U+53F5	叵
U+531D	匝
U+4E15	丕
U+531C	匜
U+52A2	劢
U+535F	卟
U+53F1	叱
U+53FB	叻
U+4EE8	仨
U+4ED5	仕
U+4EDF	仟
U+4EE1	仡
U+4EEB	仫
U+4EDE	仞
U+536E	卮
U+6C10	氐
U+72B0	犰
U+520D	刍
U+909D	邝
U+9099	邙
U+6C40	汀
U+8BA6	讦
U+8BA7	讧
U+8BAA	讪
U+8BAB	讫
U+5C3B	尻
U+9621	阡
U+5C15	尕
U+5F01	弁
U+9A6D	驭
U+5321	匡
U+8012	耒
U+738E	玎
U+7391	玑
U+90A2	邢
U+5729	圩
U+572C	圬
U+572D	圭
U+6266	扦
U+572A	圪
U+5733	圳
U+5739	圹
U+626A	扪
U+572E	圮
U+572F	圯
U+828A	芊
U+828D	芍
U+8284	芄
U+82A8	芨
U+8291	芑
U+828E	芎
U+8297	芗
U+4E98	亘
U+538D	厍
U+593C	夼
U+620D	戍
U+5C25	尥
U+4E69	乩
U+65EF	旯
U+66F3	曳
U+5C8C	岌
U+5C7A	屺
U+51FC	凼
U+56E1	囡
U+9487	钇
U+7F36	缶
U+6C18	氘
U+6C16	氖
U+725D	牝
U+4F0E	伎
U+4F1B	伛
U+4F22	伢
U+4F64	佤
U+4EF5	仵
U+4F25	伥
U+4F27	伧
U+4F09	伉
U+4F2B	伫
U+56DF	囟
U+6C46	汆
U+5216	刖
U+5919	夙
U+65EE	旮
U+520E	刎
U+72B7	犷
U+72B8	犸
U+821B	舛
U+51EB	凫
U+90AC	邬
U+9967	饧
U+6C55	汕
U+6C54	汔
U+6C50	汐
U+6C72	汲
U+6C5C	汜
U+6C4A	汊
U+5FD6	忖
U+5FCF	忏
U+8BB4	讴
U+8BB5	讵
U+7941	祁
U+8BB7	讷
U+807F	聿
U+826E	艮
U+53BE	厾
U+9631	阱
U+962E	阮
U+962A	阪
U+4E1E	丞
U+5981	妁
U+725F	牟
U+7EA1	纡
U+7EA3	纣
U+7EA5	纥
U+7EA8	纨
U+7395	玕
U+7399	玙
U+629F	抟
U+6294	抔
U+573B	圻
U+5742	坂
U+574D	坍
U+575E	坞
U+6283	抃
U+6289	抉
U+39D0	㧐
U+82AB	芫
U+90AF	邯
U+82B8	芸
U+82BE	芾
U+82C8	苈
U+82E3	苣
U+82B7	芷
U+82AE	芮
U+82CB	苋
U+82BC	芼
U+82CC	苌
U+82C1	苁
U+82A9	芩
U+82AA	芪
U+82A1	芡
U+829F	芟
U+82C4	苄
U+82CE	苎
U+82E1	苡
U+674C	杌
U+6753	杓
U+675E	杞
U+6748	杈
U+5FD1	忑
U+5B5B	孛
U+90B4	邴
U+90B3	邳
U+77F6	矶
U+5941	奁
U+8C55	豕
U+5FD2	忒
U+6B24	欤
U+8F6B	轫
U+8FD3	迓
U+90B6	邶
U+5FD0	忐
U+5363	卣
U+90BA	邺
U+65F0	旰
U+544B	呋
U+5452	呒
U+5453	呓
U+5454	呔
U+5456	呖
U+5443	呃
U+65F8	旸
U+5421	吡
U+753A	町
U+866C	虬
U+5457	呗
U+543D	吽
U+5423	吣
U+5432	吲
U+5E0F	帏
U+5C90	岐
U+5C88	岈
U+5C98	岘
U+5C91	岑
U+5C9A	岚
U+5155	兕
U+56F5	囵
U+56EB	囫
U+948A	钊
U+948B	钋
U+948C	钌
U+8FD5	迕
U+6C19	氙
U+6C1A	氚
U+7264	牤
U+4F5E	佞
U+90B1	邱
U+6538	攸
U+4F5A	佚
U+4F5D	佝
U+4F5F	佟
U+4F57	佗
U+4F3D	伽
U+5F77	彷
U+4F58	佘
U+4F65	佥
U+5B5A	孚
U+8C78	豸
U+574C	坌
U+809F	肟
U+90B8	邸
U+5942	奂
U+52AC	劬
U+72C4	狄
U+72C1	狁
U+9E20	鸠
U+90B9	邹
U+9968	饨
U+9969	饩
U+996A	饪
U+996B	饫
U+996C	饬
U+4EA8	亨
U+5E91	庑
U+5E8B	庋
U+7594	疔
U+7596	疖
U+8093	肓
U+95F1	闱
U+95F3	闳
U+95F5	闵
U+7F8C	羌
U+7080	炀
U+6CA3	沣
U+6C85	沅
U+6C94	沔
U+6CA4	沤
U+6C8C	沌
U+6C8F	沏
U+6C9A	沚
U+6C69	汩
U+6C68	汨
U+6C82	沂
U+6C7E	汾
U+6CA8	沨
U+6C74	汴
U+6C76	汶
U+6C86	沆
U+6CA9	沩
U+6CD0	泐
U+6003	怃
U+6004	怄
U+5FE1	忡
U+5FE4	忤
U+5FFE	忾
U+6005	怅
U+5FFB	忻
U+5FEA	忪
U+6006	怆
U+5FED	忭
U+5FF8	忸
U+8BC2	诂
U+8BC3	诃
U+8BC5	诅
U+8BCB	诋
U+8BCC	诌
U+8BCF	诏
U+8BD2	诒
U+5B5C	孜
U+9647	陇
U+9640	陀
U+9642	陂
U+9649	陉
U+598D	妍
U+59A9	妩
U+59AA	妪
U+59A3	妣
U+598A	妊
U+5997	妗
U+59AB	妫
U+599E	妞
U+59D2	姒
U+59A4	妤
U+90B5	邵
U+52AD	劭
U+522D	刭
U+752C	甬
U+90B0	邰
U+7EAD	纭
U+7EB0	纰
U+7EB4	纴
U+7EB6	纶
U+7EBE	纾
U+73AE	玮
U+73A1	玡
U+73AD	玭
U+73A0	玠
U+73A2	玢
U+73A5	玥
U+73A6	玦
U+76C2	盂
U+5FDD	忝
U+5326	匦
U+5769	坩
U+62A8	抨
U+62E4	拤
U+576B	坫
U+62C8	拈
U+5786	垆
U+62BB	抻
U+52BC	劼
U+62C3	拃
U+62CA	拊
U+577C	坼
U+577B	坻
U+39DF	㧟
U+5768	坨
U+576D	坭
U+62BF	抿
U+5773	坳
U+8036	耶
U+82F7	苷
U+82EF	苯
U+82E4	苤
U+830F	茏
U+82EB	苫
U+82DC	苜
U+82F4	苴
U+82D2	苒
U+82D8	苘
U+830C	茌
U+82FB	苻
U+82D3	苓
U+831A	茚
U+8306	茆
U+8311	茑
U+8313	茓
U+8314	茔
U+8315	茕
U+8300	茀
U+82D5	苕
U+67A5	枥
U+6787	枇
U+676A	杪
U+6773	杳
U+67A7	枧
U+6775	杵
U+67A8	枨
U+679E	枞
U+678B	枋
U+677B	杻
U+6777	杷
U+677C	杼
U+77F8	矸
U+7800	砀
U+5233	刳
U+5944	奄
U+74EF	瓯
U+6B81	殁
U+90CF	郏
U+8F6D	轭
U+90C5	郅
U+9E22	鸢
U+76F1	盱
U+660A	昊
U+6619	昙
U+6772	杲
U+6603	昃
U+5482	咂
U+5478	呸
U+6615	昕
U+6600	昀
U+65FB	旻
U+6609	昉
U+7085	炅
U+5494	咔
U+7540	畀
U+866E	虮
U+5480	咀
U+5477	呷
U+9EFE	黾
U+5471	呱
U+5464	呤
U+549A	咚
U+5486	咆
U+549B	咛
U+5476	呶
U+5463	呣
U+5466	呦
U+549D	咝
U+5CA2	岢
U+5CBF	岿
U+5CAC	岬
U+5CAB	岫
U+5E19	帙
U+5CA3	岣
U+5CC1	峁
U+523F	刿
U+8FE5	迥
U+5CB7	岷
U+5240	剀
U+5E14	帔
U+5CC4	峄
U+6C93	沓
U+56F9	囹
U+7F54	罔
U+948D	钍
U+948E	钎
U+948F	钏
U+9492	钒
U+9495	钕
U+9497	钗
U+90BE	邾
U+8FEE	迮
U+7266	牦
U+7AFA	竺
U+8FE4	迤
U+4F76	佶
U+4F6C	佬
U+4F70	佰
U+4F91	侑
U+4F89	侉
U+81FE	臾
U+5CB1	岱
U+4F97	侗
U+4F83	侃
U+4F8F	侏
U+4FA9	侩
U+4F7B	佻
U+4F7E	佾
U+4FAA	侪
U+4F7C	佼
U+4F6F	佯
U+4FAC	侬
U+5E1B	帛
U+961C	阜
U+4F94	侔
U+5F82	徂
U+523D	刽
U+90C4	郄
U+6002	怂
U+7C74	籴
U+74EE	瓮
U+6217	戗
U+80BC	肼
U+43DD	䏝
U+80BD	肽
U+80B1	肱
U+80AB	肫
U+5241	剁
U+8FE9	迩
U+90C7	郇
U+72D9	狙
U+72CE	狎
U+72CD	狍
U+72D2	狒
U+548E	咎
U+7099	炙
U+67AD	枭
U+996F	饯
U+9974	饴
U+51BD	冽
U+51BC	冼
U+5E96	庖
U+75A0	疠
U+759D	疝
U+75A1	疡
U+5156	兖
U+59BE	妾
U+52BE	劾
U+709C	炜
U+2C27C	𬉼
U+7096	炖
U+7098	炘
U+709D	炝
U+7094	炔
U+6CD4	泔
U+6CAD	沭
U+6CF7	泷
U+6CF8	泸
U+6CF1	泱
U+6CC5	泅
U+6CD7	泗
U+6CE0	泠
U+6CFA	泺
U+6CD6	泖
U+6CEB	泫
U+6CEE	泮
U+6CB1	沱
U+6CEF	泯
U+6CD3	泓
U+6CFE	泾
U+6019	怙
U+6035	怵
U+6026	怦
U+601B	怛
U+600F	怏
U+600D	怍
U+3918	㤘
U+6029	怩
U+602B	怫
U+603F	怿
U+5B95	宕
U+7A79	穹
U+5B93	宓
U+8BD3	诓
U+8BD4	诔
U+8BD6	诖
U+8BD8	诘
U+623E	戾
U+8BD9	诙
U+623D	戽
U+90D3	郓
U+8869	衩
U+7946	祆
U+794E	祎
U+7949	祉
U+7947	祇
U+8BDB	诛
U+8BDC	诜
U+8BDF	诟
U+8BE0	诠
U+8BE3	诣
U+8BE4	诤
U+8BE7	诧
U+8BE8	诨
U+8BE9	诩
U+6215	戕
U+5B62	孢
U+4E9F	亟
U+9654	陔
U+59B2	妲
U+59AF	妯
U+59D7	姗
U+5E11	帑
U+5F29	弩
U+5B65	孥
U+9A7D	驽
U+8671	虱
U+8FE6	迦
U+8FE8	迨
U+7EC0	绀
U+7EC1	绁
U+7EC2	绂
U+9A77	驷
U+9A78	驸
U+7EC9	绉
U+7ECC	绌
U+9A7F	驿
U+9A80	骀
U+753E	甾
U+73CF	珏
U+73D0	珐
U+73C2	珂
U+73D1	珑
U+73B3	玳
U+73C0	珀
U+9878	顸
U+73C9	珉
U+73C8	珈
U+62EE	拮
U+57AD	垭
U+631D	挝
U+57A3	垣
U+631E	挞
U+57A4	垤
U+8D73	赳
U+8D32	贲
U+57B1	垱
U+578C	垌
U+90DD	郝
U+57A7	垧
U+5793	垓
U+6326	挦
U+57A0	垠
U+831C	茜
U+835A	荚
U+8351	荑
U+8D33	贳
U+835C	荜
U+8392	莒
U+833C	茼
U+8334	茴
U+8331	茱
U+839B	莛
U+835E	荞
U+832F	茯
U+834F	荏
U+8347	荇
U+8343	荃
U+835F	荟
U+8340	荀
U+8317	茗
U+8360	荠
U+832D	茭
U+8328	茨
U+57A9	垩
U+8365	荥
U+8366	荦
U+8368	荨
U+8369	荩
U+524B	剋
U+836A	荪
U+8339	茹
U+836C	荬
U+836E	荮
U+67F0	柰
U+6809	栉
U+67EF	柯
U+67D8	柘
U+680A	栊
U+67E9	柩
U+67B0	枰
U+680C	栌
U+67D9	柙
U+67B5	枵
U+67DA	柚
U+67B3	枳
U+67DE	柞
U+67DD	柝
U+6800	栀
U+67E2	柢
U+680E	栎
U+67B8	枸
U+67C8	柈
U+67C1	柁
U+67B7	枷
U+67FD	柽
U+524C	剌
U+914A	酊
U+90E6	郦
U+752D	甭
U+7817	砗
U+7818	砘
U+7812	砒
U+65AB	斫
U+782D	砭
U+781C	砜
U+594E	奎
U+8037	耷
U+867A	虺
U+6B82	殂
U+6B87	殇
U+6B84	殄
U+6B86	殆
U+8F71	轱
U+8F72	轲
U+8F73	轳
U+8F76	轶
U+8F78	轸
U+867F	虿
U+6BD6	毖
U+89C7	觇
U+5C1C	尜
U+54D0	哐
U+7704	眄
U+770D	眍
U+20CD0	𠳐
U+90E2	郢
U+7707	眇
U+770A	眊
U+7708	眈
U+79BA	禺
U+54C2	哂
U+54B4	咴
U+66F7	曷
U+6634	昴
U+6631	昱
U+6635	昵
U+54A6	咦
U+54D3	哓
U+54D4	哔
U+754E	畎
U+6BD7	毗
U+5472	呲
U+80C4	胄
U+754B	畋
U+7548	畈
U+867C	虼
U+867B	虻
U+76C5	盅
U+54A3	咣
U+54D5	哕
U+5250	剐
U+90E7	郧
U+54BB	咻
U+56FF	囿
U+54BF	咿
U+54CC	哌
U+54D9	哙
U+54DA	哚
U+54AF	咯
U+54A9	咩
U+54A4	咤
U+54DD	哝
U+54CF	哏
U+54DE	哞
U+5CD9	峙
U+5CE3	峣
U+7F58	罘
U+5E27	帧
U+5CD2	峒
U+5CE4	峤
U+5CCB	峋
U+5CE5	峥
U+8D36	贶
U+949A	钚
U+949B	钛
U+94A1	钡
U+94A3	钣
U+94A4	钤
U+94A8	钨
U+94AB	钫
U+94AF	钯
U+6C21	氡
U+6C1F	氟
U+726F	牯
U+90DC	郜
U+79D5	秕
U+79ED	秭
U+7AFD	竽
U+7B08	笈
U+7B03	笃
U+4FE6	俦
U+4FE8	俨
U+4FC5	俅
U+4FEA	俪
U+53DF	叟
U+57A1	垡
U+726E	牮
U+4FE3	俣
U+4FDA	俚
U+7688	皈
U+4FD1	俑
U+4FDF	俟
U+9005	逅
U+5F87	徇
U+5F89	徉
U+8222	舢
U+4FDE	俞
U+90D7	郗
U+4FCE	俎
U+90E4	郤
U+7230	爰
U+90DB	郛
U+74F4	瓴
U+80E8	胨
U+80EA	胪
U+80DB	胛
U+80C2	胂
U+80D9	胙
U+80CD	胍
U+80D7	胗
U+80DD	胝
U+6710	朐
U+80EB	胫
U+9E28	鸨
U+530D	匍
U+72E8	狨
U+72EF	狯
U+98D1	飑
U+72E9	狩
U+72F2	狲
U+8A07	訇
U+9004	逄
U+661D	昝
U+9977	饷
U+9978	饸
U+9979	饹
U+80E4	胤
U+5B6A	孪
U+5A08	娈
U+5F08	弈
U+5955	奕
U+5EA5	庥
U+75AC	疬
U+75A3	疣
U+75A5	疥
U+75AD	疭
U+5EA0	庠
U+7AD1	竑
U+5F66	彦
U+98D2	飒
U+95FC	闼
U+95FE	闾
U+95FF	闿
U+9602	阂
U+7F91	羑
U+8FF8	迸
U+7C7C	籼
U+914B	酋
U+70B3	炳
U+70BB	炻
U+70BD	炽
U+70AF	炯
U+70C0	烀
U+70B7	炷
U+70C3	烃
U+6D31	洱
U+6D39	洹
U+6D27	洧
U+6D0C	洌
U+6D43	浃
U+6D07	洇
U+6D04	洄
U+6D19	洙
U+6D8E	涎
U+6D0E	洎
U+6D2B	洫
U+6D4D	浍
U+6D2E	洮
U+6D35	洵
U+6D52	浒
U+6D54	浔
U+6D55	浕
U+6D33	洳
U+6078	恸
U+6053	恓
U+6079	恹
U+606B	恫
U+607A	恺
U+607B	恻
U+6042	恂
U+606A	恪
U+607D	恽
U+5BA5	宥
U+6243	扃
U+8872	衲
U+887D	衽
U+887F	衿
U+8882	袂
U+795B	祛
U+795C	祜
U+7953	祓
U+795A	祚
U+8BEE	诮
U+7957	祗
U+7962	祢
U+8BF0	诰
U+8BF3	诳
U+9E29	鸩
U+6636	昶
U+90E1	郡
U+54AB	咫
U+5F2D	弭
U+7241	牁
U+80E5	胥
U+965B	陛
U+965F	陟
U+5A05	娅
U+59EE	姮
U+5A06	娆
U+59DD	姝
U+59E3	姣
U+59D8	姘
U+59F9	姹
U+603C	怼
U+7FBF	羿
U+70B1	炱
U+77DC	矜
U+7ED4	绔
U+9A81	骁
U+9A85	骅
U+7ED7	绗
U+7EDB	绛
U+9A88	骈
U+8016	耖
U+6308	挈
U+73E5	珥
U+73D9	珙
U+987C	顼
U+73F0	珰
U+73E9	珩
U+73E7	珧
U+73E3	珣
U+73DE	珞
U+7424	琤
U+73F2	珲
U+6556	敖
U+605A	恚
U+57D4	埔
U+57D5	埕
U+57D8	埘
U+57D9	埙
U+57DA	埚
U+6339	挹
U+8006	耆
U+8004	耄
U+57D2	埒
U+634B	捋
U+8D3D	贽
U+57B8	垸
U+6343	捃
U+76CD	盍
U+8378	荸
U+8386	莆
U+83B3	莳
U+83B4	莴
U+83AA	莪
U+83A0	莠
U+8393	莓
U+839C	莜
U+8385	莅
U+837C	荼
U+83A9	莩
U+837D	荽
U+83B8	莸
U+837B	荻
U+8398	莘
U+838E	莎
U+839E	莞
U+83A8	莨
U+9E2A	鸪
U+83BC	莼
U+6832	栲
U+6833	栳
U+90F4	郴
U+6853	桓
U+6861	桡
U+684E	桎
U+6862	桢
U+6864	桤
U+6883	梃
U+681D	栝
U+6855	桕
U+6841	桁
U+6867	桧
U+6845	桅
U+681F	栟
U+6849	桉
U+6829	栩
U+9011	逑
U+900B	逋
U+5F67	彧
U+9B32	鬲
U+8C47	豇
U+9150	酐
U+9026	逦
U+539D	厝
U+5B6C	孬
U+781D	砝
U+7839	砹
U+783A	砺
U+7827	砧
U+7837	砷
U+781F	砟
U+783C	砼
U+7825	砥
U+7823	砣
U+525E	剞
U+783B	砻
U+8F7C	轼
U+8F7E	轾
U+8F82	辂
U+9E2B	鸫
U+8DB8	趸
U+9F80	龀
U+9E2C	鸬
U+8654	虔
U+900D	逍
U+772C	眬
U+551B	唛
U+665F	晟
U+7729	眩
U+7719	眙
U+54E7	哧
U+54FD	哽
U+5514	唔
U+6641	晁
U+664F	晏
U+9E2E	鸮
U+8DB5	趵
U+8DBF	趿
U+755B	畛
U+86A8	蚨
U+869C	蚜
U+868D	蚍
U+868B	蚋
U+86AC	蚬
U+869D	蚝
U+86A7	蚧
U+5522	唢
U+5704	圄
U+5523	唣
U+550F	唏
U+76CE	盎
U+5511	唑
U+5D02	崂
U+5D03	崃
U+7F61	罡
U+7F5F	罟
U+5CEA	峪
U+89CA	觊
U+8D45	赅
U+94B0	钰
U+94B2	钲
U+94B4	钴
U+94B5	钵
U+94B9	钹
U+94BA	钺
U+94BD	钽
U+94BC	钼
U+94BF	钿
U+94C0	铀
U+94C2	铂
U+94C4	铄
U+94C6	铆
U+94C8	铈
U+94C9	铉
U+94CA	铊
U+94CB	铋
U+94CC	铌
U+94CD	铍
U+497D	䥽
U+94CE	铎
U+6C29	氩
U+6C24	氤
U+6C26	氦
U+6BEA	毪
U+8210	舐
U+79E3	秣
U+79EB	秫
U+76C9	盉
U+7B04	笄
U+7B15	笕
U+7B0A	笊
U+7B0F	笏
U+7B06	笆
U+4FF8	俸
U+5029	倩
U+4FF5	俵
U+504C	偌
U+4FF3	俳
U+4FF6	俶
U+502C	倬
U+500F	倏
U+6041	恁
U+502D	倭
U+502A	倪
U+4FFE	俾
U+501C	倜
U+96BC	隼
U+96BD	隽
U+500C	倌
U+5025	倥
U+81EC	臬
U+768B	皋
U+90EB	郫
U+5028	倨
U+8844	衄
U+9880	颀
U+5F95	徕
U+822B	舫
U+91DC	釜
U+595A	奚
U+887E	衾
U+80EF	胯
U+80F1	胱
U+80F4	胴
U+80ED	胭
U+810D	脍
U+80FC	胼
U+6715	朕
U+8112	脒
U+80FA	胺
U+9E31	鸱
U+73BA	玺
U+9E32	鸲
U+72F7	狷
U+7301	猁
U+72F3	狳
U+7303	猃
U+72FA	狺
U+9016	逖
U+6840	桀
U+8885	袅
U+997D	饽
U+51C7	凇
U+683E	栾
U+631B	挛
U+4EB3	亳
U+75B3	疳
U+75B4	疴
U+75B8	疸
U+75BD	疽
U+75C8	痈
U+75B1	疱
U+75C2	痂
U+75C9	痉
U+886E	衮
U+51CB	凋
U+9883	颃
U+6063	恣
U+65C6	旆
U+65C4	旄
U+65C3	旃
U+9603	阃
U+9604	阄
U+8A1A	訚
U+9606	阆
U+6059	恙
U+7C91	粑
U+6714	朔
U+90F8	郸
U+70DC	烜
U+70E8	烨
U+70E9	烩
U+70CA	烊
U+5261	剡
U+90EF	郯
U+70EC	烬
U+6D91	涑
U+6D6F	浯
U+6D9E	涞
U+6D9F	涟
U+5A11	娑
U+6D85	涅
U+6DA0	涠
U+6D5E	浞
U+6D93	涓
U+6D65	浥
U+6D94	涔
U+6D5C	浜
U+6D60	浠
U+6D63	浣
U+6D5A	浚
U+609A	悚
U+60AD	悭
U+609D	悝
U+6092	悒
U+608C	悌
U+609B	悛
U+5BB8	宸
U+7A88	窈
U+525C	剜
U+8BF9	诹
U+51A2	冢
U+8BFC	诼
U+8892	袒
U+88A2	袢
U+796F	祯
U+8BFF	诿
U+8C00	谀
U+8C02	谂
U+8C04	谄
U+8C07	谇
U+5C50	屐
U+5C59	屙
U+966C	陬
U+52D0	勐
U+5958	奘
U+7242	牂
U+86A9	蚩
U+9672	陲
U+59EC	姬
U+5A20	娠
U+5A0C	娌
U+5A09	娉
U+5A32	娲
U+5A29	娩
U+5A34	娴
U+5A23	娣
U+5A13	娓
U+5A40	婀
U+755A	畚
U+9021	逡
U+7EE0	绠
U+9A8A	骊
U+7EE1	绡
U+9A8B	骋
U+7EE5	绥
U+7EE6	绦
U+7EE8	绨
U+9A8E	骎
U+9095	邕
U+9E36	鸶
U+5F57	彗
U+801C	耜
U+7118	焘
U+8202	舂
U+740F	琏
U+7407	琇
U+9EB8	麸
U+63F6	揶
U+57F4	埴
U+57EF	埯
U+636F	捯
U+63B3	掳
U+63B4	掴
U+57F8	埸
U+57F5	埵
U+8D67	赧
U+57E4	埤
U+636D	捭
U+9035	逵
U+57DD	埝
U+580B	堋
U+580D	堍
U+63AC	掬
U+9E37	鸷
U+6396	掖
U+637D	捽
U+638A	掊
U+5809	堉
U+63B8	掸
U+6369	捩
U+63AE	掮
U+60AB	悫
U+57ED	埭
U+57FD	埽
U+6387	掇
U+63BC	掼
U+8043	聃
U+83C1	菁
U+8401	萁
U+83D8	菘
U+5807	堇
U+8418	萘
U+840B	萋
U+83FD	菽
U+83D6	菖
U+841C	萜
U+8438	萸
U+8411	萑
U+68FB	棻
U+83D4	菔
U+83DF	菟
U+840F	萏
U+8403	萃
U+83CF	菏
U+83F9	菹
U+83EA	菪
U+83C5	菅
U+83C0	菀
U+8426	萦
U+83F0	菰
U+83E1	菡
U+68B5	梵
U+68BF	梿
U+688F	梏
U+89CB	觋
U+6874	桴
U+6877	桷
U+6893	梓
U+68C1	棁
U+686B	桫
U+68C2	棂
U+556C	啬
U+90FE	郾
U+532E	匮
U+6555	敕
U+8C49	豉
U+9104	鄄
U+915E	酞
U+915A	酚
U+621B	戛
U+784E	硎
U+786D	硭
U+7852	硒
U+7856	硖
U+7857	硗
U+7850	硐
U+7847	硇
U+784C	硌
U+9E38	鸸
U+74E0	瓠
U+530F	匏
U+53A9	厩
U+9F9A	龚
U+6B92	殒
U+6B93	殓
U+6B8D	殍
U+8D49	赉
U+96E9	雩
U+8F84	辄
U+5811	堑
U+772D	眭
U+7726	眦
U+5567	啧
U+6661	晡
U+6664	晤
U+773A	眺
U+7735	眵
U+7738	眸
U+570A	圊
U+558F	喏
U+55B5	喵
U+5549	啉
U+52D6	勖
U+665E	晞
U+5535	唵
U+6657	晗
U+5195	冕
U+556D	啭
U+7566	畦
U+8DBA	趺
U+556E	啮
U+8DC4	跄
U+86B6	蚶
U+86C4	蛄
U+86CE	蛎
U+86C6	蛆
U+86B0	蚰
U+86CA	蛊
U+5709	圉
U+86B1	蚱
U+86C9	蛉
U+86CF	蛏
U+86B4	蚴
U+5541	啁
U+5555	啕
U+553F	唿
U+5550	啐
U+553C	唼
U+5537	唷
U+5556	啖
U+5575	啵
U+5576	啶
U+5577	啷
U+5533	唳
U+5530	唰
U+555C	啜
U+5E3B	帻
U+5D1A	崚
U+5D26	崦
U+5E3C	帼
U+5D2E	崮
U+5D24	崤
U+5D06	崆
U+8D47	赇
U+8D48	赈
U+8D4A	赊
U+94D1	铑
U+94D2	铒
U+94D7	铗
U+94D9	铙
U+94DF	铟
U+94E0	铠
U+94E1	铡
U+94E2	铢
U+94E3	铣
U+94E4	铤
U+94E7	铧
U+94E8	铨
U+94E9	铩
U+94EA	铪
U+94EB	铫
U+94EC	铬
U+94EE	铮
U+94EF	铯
U+94F0	铰
U+94F1	铱
U+94F3	铳
U+94F5	铵
U+94F7	铷
U+6C2A	氪
U+727E	牾
U+9E39	鸹
U+79FE	秾
U+9036	逶
U+7B3A	笺
U+7B47	筇
U+7B38	笸
U+7B2A	笪
U+7B2E	笮
U+7B20	笠
U+7B25	笥
U+7B24	笤
U+7B33	笳
U+7B3E	笾
U+7B1E	笞
U+507E	偾
U+5043	偃
U+5055	偕
U+5048	偈
U+5080	傀
U+506C	偬
U+507B	偻
U+7691	皑
U+768E	皎
U+9E3B	鸻
U+5F9C	徜
U+8238	舸
U+823B	舻
U+8234	舴
U+8237	舷
U+9F9B	龛
U+7FCE	翎
U+812C	脬
U+8118	脘
U+8132	脲
U+5310	匐
U+7317	猗
U+7321	猡
U+731E	猞
U+731D	猝
U+659B	斛
U+7315	猕
U+9997	馗
U+9983	馃
U+9984	馄
U+9E3E	鸾
U+5B70	孰
U+5EB9	庹
U+5EBE	庾
U+75D4	痔
U+75CD	痍
U+75B5	疵
U+7FCA	翊
U+65CC	旌
U+65CE	旎
U+88A4	袤
U+9607	阇
U+9608	阈
U+9609	阉
U+960A	阊
U+960B	阋
U+960D	阍
U+960F	阏
U+7F9F	羟
U+7C9D	粝
U+7C95	粕
U+655D	敝
U+7110	焐
U+70EF	烯
U+7113	焓
U+70FD	烽
U+7116	焖
U+70F7	烷
U+7117	焗
U+6E0D	渍
U+6E1A	渚
U+6DC7	淇
U+6DC5	淅
U+6DDE	淞
U+6E0E	渎
U+6DBF	涿
U+6DD6	淖
U+6332	挲
U+6DE0	淠
U+6DB8	涸
U+6E11	渑
U+6DE6	淦
U+6DDD	淝
U+6DEC	淬
U+6DAA	涪
U+6DD9	淙
U+6DAB	涫
U+6E0C	渌
U+6DC4	淄
U+60EC	惬
U+60BB	悻
U+60B1	悱
U+60DD	惝
U+60D8	惘
U+60B8	悸
U+60C6	惆
U+60DA	惚
U+60C7	惇
U+60EE	惮
U+7A95	窕
U+8C0C	谌
U+8C0F	谏
U+6248	扈
U+76B2	皲
U+8C11	谑
U+88C6	裆
U+88B7	袷
U+88C9	裉
U+8C12	谒
U+8C14	谔
U+8C15	谕
U+8C16	谖
U+8C17	谗
U+8C19	谙
U+8C1B	谛
U+8C1D	谝
U+902F	逯
U+90FF	郿
U+9688	隈
U+7C9C	粜
U+968D	隍
U+9697	隗
U+5A67	婧
U+5A4A	婊
U+5A55	婕
U+5A3C	娼
U+5A62	婢
U+5A75	婵
U+80EC	胬
U+8888	袈
U+7FCC	翌
U+607F	恿
U+6B38	欸
U+7EEB	绫
U+9A90	骐
U+7EEE	绮
U+7EEF	绯
U+7EF1	绱
U+9A92	骒
U+7EF2	绲
U+9A93	骓
U+7EF6	绶
U+7EFA	绺
U+7EFB	绻
U+7EFE	绾
U+9A96	骖
U+7F01	缁
U+8020	耠
U+742B	琫
U+7435	琵
U+7436	琶
U+742A	琪
U+745B	瑛
U+7426	琦
U+7425	琥
U+7428	琨
U+9753	靓
U+7430	琰
U+742E	琮
U+742F	琯
U+742C	琬
U+741B	琛
U+741A	琚
U+8F87	辇
U+9F0B	鼋
U+63F3	揳
U+581E	堞
U+643D	搽
U+63F8	揸
U+63E0	揠
U+5819	堙
U+8D84	趄
U+63D6	揖
U+9889	颉
U+5844	塄
U+63FF	揿
U+800B	耋
U+63C4	揄
U+86E9	蛩
U+86F0	蛰
U+5846	塆
U+6452	摒
U+63C6	揆
U+63BE	掾
U+8052	聒
U+8451	葑
U+845A	葚
U+9770	靰
U+9778	靸
U+8473	葳
U+847A	葺
U+8478	葸
U+843C	萼
U+8446	葆
U+8469	葩
U+8476	葶
U+848C	蒌
U+8431	萱
U+621F	戟
U+846D	葭
U+696E	楮
U+68FC	棼
U+691F	椟
U+68F9	棹
U+6924	椤
U+68F0	棰
U+8D4D	赍
U+690B	椋
U+6901	椁
U+692A	椪
U+68E3	棣
U+6910	椐
U+9E41	鹁
U+8983	覃
U+9164	酤
U+9162	酢
U+9161	酡
U+9E42	鹂
U+53A5	厥
U+6B9A	殚
U+6B9B	殛
U+96EF	雯
U+96F1	雱
U+8F8A	辊
U+8F8B	辋
U+6920	椠
U+8F8D	辍
U+8F8E	辎
U+6590	斐
U+7744	睄
U+7751	睑
U+7747	睇
U+7743	睃
U+6222	戢
U+558B	喋
U+55D2	嗒
U+5583	喃
U+55B1	喱
U+55B9	喹
U+6677	晷
U+5588	喈
U+8DD6	跖
U+8DD7	跗
U+8DDE	跞
U+8DDA	跚
U+8DCE	跎
U+8DCF	跏
U+8DC6	跆
U+86F1	蛱
U+86F2	蛲
U+86ED	蛭
U+86F3	蛳
U+86D0	蛐
U+86D4	蛔
U+86DE	蛞
U+86F4	蛴
U+86DF	蛟
U+86D8	蛘
U+5581	喁
U+559F	喟
U+557E	啾
U+55D6	嗖
U+5591	喑
U+55DF	嗟
U+55BD	喽
U+55DE	嗞
U+5580	喀
U+5594	喔
U+5599	喙
U+5D58	嵘
U+5D56	嵖
U+5D34	崴
U+9044	遄
U+8A48	詈
U+5D4E	嵎
U+5D3D	崽
U+5D6C	嵬
U+5D5B	嵛
U+5D6F	嵯
U+5D5D	嵝
U+5D6B	嵫
U+5E44	幄
U+5D4B	嵋
U+8D55	赕
U+94FB	铻
U+94FC	铼
U+94FF	铿
U+9503	锃
U+9502	锂
U+9506	锆
U+9507	锇
U+9509	锉
U+950F	锏
U+9511	锑
U+9512	锒
U+9514	锔
U+9515	锕
U+63A3	掣
U+77EC	矬
U+6C30	氰
U+6BF3	毳
U+6BFD	毽
U+728A	犊
U+7284	犄
U+728B	犋
U+9E44	鹄
U+728D	犍
U+5D47	嵇
U+9ECD	黍
U+7A03	稃
U+7A02	稂
U+7B5A	筚
U+7B75	筵
U+7B4C	筌
U+50A3	傣
U+5088	傈
U+8204	舄
U+724D	牍
U+50A5	傥
U+50A7	傧
U+9051	遑
U+50A9	傩
U+9041	遁
U+5FA8	徨
U+5AAD	媭
U+7572	畲
U+5F11	弑
U+988C	颌
U+7FD5	翕
U+91C9	釉
U+9E46	鹆
U+821C	舜
U+8C82	貂
U+8148	腈
U+814C	腌
U+8153	腓
U+8146	腆
U+8174	腴
U+8151	腑
U+815A	腚
U+8171	腱
U+9C7F	鱿
U+9C80	鲀
U+9C82	鲂
U+988D	颍
U+7322	猢
U+7339	猹
U+7325	猥
U+98D3	飓
U+89DE	觞
U+89DA	觚
U+7331	猱
U+988E	颎
U+98E7	飧
U+9987	馇
U+998A	馊
U+4EB5	亵
U+8114	脔
U+88D2	裒
U+75E3	痣
U+75E8	痨
U+75E6	痦
U+75DE	痞
U+75E4	痤
U+75EB	痫
U+75E7	痧
U+8D53	赓
U+7AE6	竦
U+74FF	瓿
U+557B	啻
U+988F	颏
U+9E47	鹇
U+9611	阑
U+9612	阒
U+9615	阕
U+7C9E	粞
U+9052	遒
U+5B73	孳
U+712F	焯
U+711C	焜
U+7119	焙
U+7131	焱
U+9E48	鹈
U+6E5B	湛
U+6E2B	渫
U+6E6E	湮
U+6E4E	湎
U+6E5C	湜
U+6E2D	渭
U+6E4D	湍
U+6E6B	湫
U+6EB2	溲
U+6E5F	湟
U+6E86	溆
U+6E72	湲
U+6E54	湔
U+6E49	湉
U+6E25	渥
U+6E44	湄
U+6EC1	滁
U+6120	愠
U+60FA	惺
U+6126	愦
U+60F4	惴
U+6100	愀
U+610E	愎
U+6114	愔
U+55BE	喾
U+5BD0	寐
U+8C1F	谟
U+6249	扉
U+88E2	裢
U+88CE	裎
U+88E5	裥
U+797E	祾
U+797A	祺
U+8C20	谠
U+5E42	幂
U+8C21	谡
U+8C25	谥
U+8C27	谧
U+9050	遐
U+5B71	孱
U+5F3C	弼
U+5DFD	巽
U+9A98	骘
U+5AAA	媪
U+5A9B	媛
U+5A77	婷
U+5DEF	巯
U+7FDA	翚
U+76B4	皴
U+5A7A	婺
U+9A9B	骛
U+7F02	缂
U+7F03	缃
U+7F04	缄
U+5F58	彘
U+7F07	缇
U+7F08	缈
U+7F0C	缌
U+7F11	缑
U+7F12	缒
U+7F17	缗
U+98E8	飨
U+8022	耢
U+745A	瑚
U+7441	瑁
U+745C	瑜
U+7457	瑗
U+7444	瑄
U+7455	瑕
U+9068	遨
U+9A9C	骜
U+97EB	韫
U+9AE1	髡
U+586C	塬
U+9122	鄢
U+8D94	趔
U+8D91	趑
U+6445	摅
U+6441	摁
U+8707	蜇
U+640B	搋
U+642A	搪
U+6410	搐
U+641B	搛
U+6420	搠
U+6448	摈
U+5F40	彀
U+6BC2	毂
U+6426	搦
U+6421	搡
U+84C1	蓁
U+6221	戡
U+84CD	蓍
U+911E	鄞
U+9773	靳
U+84D0	蓐
U+84E6	蓦
U+9E4B	鹋
U+84BD	蒽
U+84D3	蓓
U+84D6	蓖
U+84CA	蓊
U+84AF	蒯
U+84DF	蓟
U+84D1	蓑
U+84BF	蒿
U+84BA	蒺
U+84E0	蓠
U+849F	蒟
U+84A1	蒡
U+84B9	蒹
U+84B4	蒴
U+8497	蒗
U+84E5	蓥
U+9890	颐
U+6954	楔
U+6960	楠
U+6942	楂
U+695D	楝
U+696B	楫
U+6978	楸
U+6934	椴
U+69CC	槌
U+696F	楯
U+7699	皙
U+6988	榈
U+69CE	槎
U+6989	榉
U+6966	楦
U+6963	楣
U+6979	楹
U+693D	椽
U+88D8	裘
U+527D	剽
U+7504	甄
U+916E	酮
U+9170	酰
U+916F	酯
U+9169	酩
U+8703	蜃
U+789B	碛
U+7893	碓
U+787C	硼
U+7889	碉
U+789A	碚
U+7887	碇
U+789C	碜
U+9E4C	鹌
U+8F8F	辏
U+9F83	龃
U+9F85	龅
U+8A3E	訾
U+7CB2	粲
U+865E	虞
U+775A	睚
U+55EA	嗪
U+97EA	韪
U+55F7	嗷
U+55C9	嗉
U+7768	睨
U+7762	睢
U+96CE	雎
U+7765	睥
U+561F	嘟
U+55D1	嗑
U+55EB	嗫
U+55EC	嗬
U+55D4	嗔
U+55DD	嗝
U+6225	戥
U+55C4	嗄
U+7166	煦
U+6684	暄
U+9062	遢
U+668C	暌
U+8DEC	跬
U+8DF6	跶
U+8DF8	跸
U+8DD0	跐
U+8DE3	跣
U+8DF9	跹
U+8DFB	跻
U+86F8	蛸
U+870A	蜊
U+870D	蜍
U+8709	蜉
U+8723	蜣
U+7579	畹
U+86F9	蛹
U+55E3	嗣
U+55EF	嗯
U+55E5	嗥
U+55F2	嗲
U+55F3	嗳
U+55CC	嗌
U+55CD	嗍
U+55E8	嗨
U+55D0	嗐
U+55E4	嗤
U+55F5	嗵
U+7F68	罨
U+5D4A	嵊
U+5D69	嵩
U+5D74	嵴
U+9AB0	骰
U+9517	锗
U+951B	锛
U+951C	锜
U+951D	锝
U+951E	锞
U+951F	锟
U+9522	锢
U+9528	锨
U+9529	锩
U+952D	锭
U+9531	锱
U+96C9	雉
U+6C32	氲
U+728F	犏
U+6B43	歃
U+7A1E	稞
U+7A17	稗
U+7A14	稔
U+7B60	筠
U+7B62	筢
U+7B6E	筮
U+7B72	筲
U+7B71	筱
U+7252	牒
U+7172	煲
U+656B	敫
U+5FAD	徭
U+6106	愆
U+8244	艄
U+89CE	觎
U+6BF9	毹
U+8C8A	貊
U+8C85	貅
U+8C89	貉
U+9894	颔
U+8160	腠
U+8169	腩
U+817C	腼
U+816D	腭
U+8167	腧
U+584D	塍
U+5AB5	媵
U+8A79	詹
U+9C85	鲅
U+9C86	鲆
U+9C87	鲇
U+9C88	鲈
U+7A23	稣
U+9C8B	鲋
U+9C90	鲐
U+8084	肄
U+9E50	鹐
U+98D5	飕
U+89E5	觥
U+905B	遛
U+9990	馐
U+9E51	鹑
U+4EB6	亶
U+7603	瘃
U+75F1	痱
U+75FC	痼
U+75FF	痿
U+7610	瘐
U+7601	瘁
U+7606	瘆
U+9E82	麂
U+88D4	裔
U+6B46	歆
U+65D2	旒
U+96CD	雍
U+9616	阖
U+9617	阗
U+9619	阙
U+7FA7	羧
U+8C62	豢
U+7CB3	粳
U+7337	猷
U+7173	煳
U+715C	煜
U+7168	煨
U+7145	煅
U+714A	煊
U+7178	煸
U+717A	煺
U+6EDF	滟
U+6EB1	溱
U+6E98	溘
U+6F2D	漭
U+6EE2	滢
U+6EA5	溥
U+6EA7	溧
U+6EBD	溽
U+88DF	裟
U+6EBB	溻
U+6EB7	溷
U+6ED7	滗
U+6EEB	滫
U+6EB4	溴
U+6ECF	滏
U+6EC3	滃
U+6EE6	滦
U+6E8F	溏
U+6EC2	滂
U+6ED3	滓
U+6E9F	溟
U+6EEA	滪
U+612B	愫
U+6151	慑
U+614A	慊
U+9C8E	鲎
U+9A9E	骞
U+7AA6	窦
U+7AA0	窠
U+7AA3	窣
U+88F1	裱
U+891A	褚
U+88E8	裨
U+88FE	裾
U+88F0	裰
U+798A	禊
U+8C29	谩
U+8C2A	谪
U+5ABE	媾
U+5AEB	嫫
U+5AB2	媲
U+5AD2	嫒
U+5AD4	嫔
U+5AB8	媸
U+7F19	缙
U+7F1C	缜
U+7F1B	缛
U+8F94	辔
U+9A9D	骝
U+7F1F	缟
U+7F21	缡
U+7F22	缢
U+7F23	缣
U+9A9F	骟
U+8025	耥
U+7488	璈
U+7476	瑶
U+746D	瑭
U+7352	獒
U+89CF	觏
U+615D	慝
U+5AE0	嫠
U+97EC	韬
U+53C6	叆
U+9AE6	髦
U+647D	摽
U+5881	墁
U+6482	撂
U+645E	摞
U+6484	撄
U+7FE5	翥
U+8E05	踅
U+646D	摭
U+5889	墉
U+5892	墒
U+6996	榖
U+7DA6	綦
U+852B	蔫
U+8537	蔷
U+977A	靺
U+977C	靼
U+9785	鞅
U+977F	靿
U+750D	甍
U+8538	蔸
U+851F	蔟
U+853A	蔺
U+622C	戬
U+8556	蕖
U+853B	蔻
U+84FF	蓿
U+65A1	斡
U+9E55	鹕
U+84FC	蓼
U+699B	榛
U+69A7	榧
U+69BB	榻
U+69AB	榫
U+69AD	榭
U+69D4	槔
U+69B1	榱
U+69C1	槁
U+69DF	槟
U+69E0	槠
U+69B7	榷
U+50F0	僰
U+917D	酽
U+9176	酶
U+9179	酹
U+53AE	厮
U+78A1	碡
U+78B4	碴
U+78A3	碣
U+78B2	碲
U+78CB	磋
U+81E7	臧
U+8C68	豨
U+6BA1	殡
U+9706	霆
U+9701	霁
U+8F95	辕
U+871A	蜚
U+88F4	裴
U+7FE1	翡
U+9F87	龇
U+9F88	龈
U+777F	睿
U+4056	䁖
U+777D	睽
U+561E	嘞
U+5608	嘈
U+560C	嘌
U+5601	嘁
U+560E	嘎
U+66A7	暧
U+669D	暝
U+8E0C	踌
U+8E09	踉
U+871E	蜞
U+8725	蜥
U+872E	蜮
U+8748	蝈
U+8734	蜴
U+8731	蜱
U+8729	蜩
U+8737	蜷
U+873F	蜿
U+8782	螂
U+8722	蜢
U+5618	嘘
U+5621	嘡
U+9E57	鹗
U+5623	嘣
U+5624	嘤
U+561A	嘚
U+55FE	嗾
U+5627	嘧
U+7F74	罴
U+7F71	罱
U+5E54	幔
U+5D82	嶂
U+5E5B	幛
U+8D59	赙
U+7F42	罂
U+9AB7	骷
U+9AB6	骶
U+9E58	鹘
U+9532	锲
U+9534	锴
U+9536	锶
U+9537	锷
U+9538	锸
U+9535	锵
U+9541	镁
U+9542	镂
U+7292	犒
U+7B90	箐
U+7BA6	箦
U+7BA7	箧
U+7B8D	箍
U+7BB8	箸
U+7BAC	箬
U+7B85	箅
U+7BAA	箪
U+7B94	箔
U+7B9C	箜
U+7BA2	箢
U+7B93	箓
U+6BD3	毓
U+50D6	僖
U+5106	儆
U+50F3	僳
U+50ED	僭
U+5281	劁
U+50EE	僮
U+9B43	魃
U+9B46	魆
U+777E	睾
U+824B	艋
U+9131	鄱
U+8188	膈
U+8191	膑
U+9C91	鲑
U+9C94	鲔
U+9C9A	鲚
U+9C9B	鲛
U+9C9F	鲟
U+7350	獐
U+89EB	觫
U+96D2	雒
U+5924	夤
U+9991	馑
U+92AE	銮
U+587E	塾
U+9EBD	麽
U+760C	瘌
U+760A	瘊
U+7618	瘘
U+7619	瘙
U+5ED6	廖
U+97F6	韶
U+65D6	旖
U+8182	膂
U+961A	阚
U+912F	鄯
U+9C9E	鲞
U+7CBF	粿
U+7CBC	粼
U+7CBD	粽
U+7CC1	糁
U+69CA	槊
U+9E5A	鹚
U+7198	熘
U+71A5	熥
U+6F62	潢
U+6F15	漕
U+6EF9	滹
U+6F2F	漯
U+6F36	漶
U+6F4B	潋
U+6F74	潴
U+6F2A	漪
U+6F09	漉
U+6F33	漳
U+6F29	漩
U+6F89	澉
U+6F4D	潍
U+6175	慵
U+6434	搴
U+7AA8	窨
U+5BE4	寤
U+7DAE	綮
U+8C2E	谮
U+8921	褡
U+8919	褙
U+8913	褓
U+891B	褛
U+890A	褊
U+8C2F	谯
U+8C30	谰
U+8C32	谲
U+66A8	暨
U+5C63	屣
U+9E5B	鹛
U+5AE3	嫣
U+5AF1	嫱
U+5AD6	嫖
U+5AE6	嫦
U+5ADA	嫚
U+5AD8	嫘
U+5AE1	嫡
U+9F10	鼐
U+7FDF	翟
U+7780	瞀
U+9E5C	鹜
U+9AA0	骠
U+7F25	缥
U+7F26	缦
U+7F27	缧
U+7F28	缨
U+9AA2	骢
U+7F2A	缪
U+7F2B	缫
U+8026	耦
U+8027	耧
U+747E	瑾
U+749C	璜
U+7480	璀
U+748E	璎
U+7481	璁
U+748B	璋
U+7487	璇
U+596D	奭
U+9AEF	髯
U+9AEB	髫
U+64B7	撷
U+6485	撅
U+8D6D	赭
U+64B8	撸
U+92C6	鋆
U+6499	撙
U+64BA	撺
U+5880	墀
U+8069	聩
U+89D0	觐
U+9791	鞑
U+8559	蕙
U+9792	鞒
U+8548	蕈
U+8568	蕨
U+8564	蕤
U+855E	蕞
U+857A	蕺
U+77A2	瞢
U+8543	蕃
U+8572	蕲
U+8D5C	赜
U+69FF	槿
U+6A2F	樯
U+69ED	槭
U+6A17	樗
U+6A18	樘
U+6A0A	樊
U+69F2	槲
U+918C	醌
U+9185	醅
U+9765	靥
U+9B47	魇
U+990D	餍
U+78D4	磔
U+78D9	磙
U+9708	霈
U+8F98	辘
U+9F89	龉
U+9F8A	龊
U+89D1	觑
U+778C	瞌
U+778B	瞋
U+7791	瞑
U+562D	嘭
U+564E	噎
U+5676	噶
U+9899	颙
U+66B9	暹
U+5658	噘
U+8E14	踔
U+8E1D	踝
U+8E1F	踟
U+8E12	踒
U+8E2C	踬
U+8E2E	踮
U+8E2F	踯
U+8E3A	踺
U+8E1E	踞
U+877D	蝽
U+877E	蝾
U+877B	蝻
U+8770	蝰
U+876E	蝮
U+878B	螋
U+8753	蝓
U+8763	蝣
U+877C	蝼
U+5657	噗
U+562C	嘬
U+989A	颚
U+564D	噍
U+5662	噢
U+5659	噙
U+565C	噜
U+564C	噌
U+5654	噔
U+989B	颛
U+5E5E	幞
U+5E61	幡
U+5D99	嶙
U+5D9D	嶝
U+9ABA	骺
U+9ABC	骼
U+9AB8	骸
U+954A	镊
U+9549	镉
U+954C	镌
U+954D	镍
U+954F	镏
U+9552	镒
U+9553	镓
U+9554	镔
U+7A37	稷
U+7BB4	箴
U+7BD1	篑
U+7BC1	篁
U+7BCC	篌
U+7BC6	篆
U+7256	牖
U+510B	儋
U+5FB5	徵
U+78D0	磐
U+8662	虢
U+9E5E	鹞
U+8198	膘
U+6ED5	滕
U+9CA0	鲠
U+9CA1	鲡
U+9CA2	鲢
U+9CA3	鲣
U+9CA5	鲥
U+9CA7	鲧
U+9CA9	鲩
U+7357	獗
U+7360	獠
U+89EF	觯
U+9993	馓
U+9994	馔
U+9EBE	麾
U+5EDB	廛
U+761B	瘛
U+763C	瘼
U+7622	瘢
U+7620	瘠
U+9F51	齑
U+7FAF	羯
U+7FB0	羰
U+25ED7	𥻗
U+9074	遴
U+7CCC	糌
U+7CCD	糍
U+7CC5	糅
U+719C	熜
U+71B5	熵
U+71A0	熠
U+6F8D	澍
U+6F8C	澌
U+6F78	潸
U+6F66	潦
U+6F72	潲
U+92C8	鋈
U+6F5F	潟
U+6F7C	潼
U+6F7A	潺
U+61AC	憬
U+61A7	憧
U+5BEE	寮
U+7AB3	窳
U+8C33	谳
U+8934	褴
U+891F	褟
U+892B	褫
U+8C35	谵
U+71A8	熨
U+5C66	屦
U+5B09	嬉
U+52F0	勰
U+622E	戮
U+8765	蝥
U+7F2C	缬
U+7F2E	缮
U+7F2F	缯
U+9AA3	骣
U+757F	畿
U+8029	耩
U+8028	耨
U+802A	耪
U+749E	璞
U+749F	璟
U+975B	靛
U+74A0	璠
U+7498	璘
U+8071	聱
U+87AF	螯
U+9AFB	髻
U+9AED	髭
U+9AF9	髹
U+64C0	擀
U+71B9	熹
U+750F	甏
U+64DE	擞
U+7E20	縠
U+78EC	磬
U+989E	颞
U+857B	蕻
U+9798	鞘
U+989F	颟
U+85A4	薤
U+85A8	薨
U+6AA0	檠
U+858F	薏
U+85AE	薮
U+859C	薜
U+8585	薅
U+6A3E	樾
U+6A5B	橛
U+6A47	橇
U+6A35	樵
U+6A8E	檎
U+6A79	橹
U+6A3D	樽
U+6A28	樨
U+6A7C	橼
U+58BC	墼
U+6A50	橐
U+7FEE	翮
U+919B	醛
U+9190	醐
U+918D	醍
U+919A	醚
U+78F2	磲
U+8D5D	赝
U+98D9	飙
U+6BAA	殪
U+9716	霖
U+970F	霏
U+9713	霓
U+933E	錾
U+8F9A	辚
U+81FB	臻
U+907D	遽
U+6C05	氅
U+779F	瞟
U+77A0	瞠
U+77B0	瞰
U+5684	嚄
U+5686	嚆
U+5664	噤
U+66BE	暾
U+8E40	蹀
U+8E39	踹
U+8E35	踵
U+8E3D	踽
U+8E49	蹉
U+8E41	蹁
U+87A8	螨
U+87D2	蟒
U+8788	螈
U+8785	螅
U+87AD	螭
U+87A0	螠
U+879F	螟
U+5671	噱
U+566C	噬
U+566B	噫
U+567B	噻
U+567C	噼
U+7F79	罹
U+571C	圜
U+4983	䦃
U+9556	镖
U+9557	镗
U+9558	镘
U+955A	镚
U+955B	镛
U+955D	镝
U+955E	镞
U+9560	镠
U+6C07	氇
U+6C06	氆
U+61A9	憩
U+7A51	穑
U+7BDD	篝
U+7BE5	篥
U+7BE6	篦
U+7BEA	篪
U+7BD9	篙
U+76E5	盥
U+5293	劓
U+7FF1	翱
U+9B49	魉
U+9B48	魈
U+5FBC	徼
U+6B59	歙
U+81B3	膳
U+81A6	膦
U+8199	膙
U+9CAE	鲮
U+9CB1	鲱
U+9CB2	鲲
U+9CB3	鲳
U+9CB4	鲴
U+9CB5	鲵
U+9CB7	鲷
U+9CBB	鲻
U+7374	獴
U+736D	獭
U+736C	獬
U+9082	邂
U+9E67	鹧
U+5EE8	廨
U+8D5F	赟
U+7630	瘰
U+5EEA	廪
U+763F	瘿
U+7635	瘵
U+7634	瘴
U+7643	癃
U+7633	瘳
U+6593	斓
U+9E87	麇
U+9E88	麈
U+5B34	嬴
U+58C5	壅
U+7FB2	羲
U+7CD7	糗
U+77A5	瞥
U+7511	甑
U+71CE	燎
U+71E0	燠
U+71D4	燔
U+71E7	燧
U+6FD1	濑
U+6FC9	濉
U+6F5E	潞
U+6FA7	澧
U+6FB9	澹
U+6FA5	澥
U+6FB6	澶
U+6FC2	濂
U+8930	褰
U+5BF0	寰
U+7AB8	窸
U+8936	褶
U+79A7	禧
U+5B16	嬖
U+729F	犟
U+96B0	隰
U+5B17	嬗
U+98A1	颡
U+7F31	缱
U+7F32	缲
U+7F33	缳
U+74A8	璨
U+74A9	璩
U+7490	璐
U+74AA	璪
U+87AB	螫
U+64E4	擤
U+58D5	壕
U+89F3	觳
U+7F44	罄
U+64E2	擢
U+85B9	薹
U+97A1	鞡
U+97AC	鞬
U+85B7	薷
U+85B0	薰
U+85D3	藓
U+85C1	藁
U+6A84	檄
U+6AA9	檩
U+61CB	懋
U+91A2	醢
U+7FF3	翳
U+7905	礅
U+78F4	磴
U+9E69	鹩
U+9F8B	龋
U+9F8C	龌
U+8C73	豳
U+58D1	壑
U+9EFB	黻
U+568F	嚏
U+5685	嚅
U+8E51	蹑
U+8E52	蹒
U+8E4A	蹊
U+87E5	蟥
U+87AC	螬
U+87B5	螵
U+7583	疃
U+87B3	螳
U+87D1	蟑
U+5693	嚓
U+7F81	羁
U+7F7D	罽
U+7F7E	罾
U+5DB7	嶷
U+9EDC	黜
U+9EDD	黝
U+9AC1	髁
U+9AC0	髀
U+9561	镡
U+9562	镢
U+9563	镣
U+9566	镦
U+9567	镧
U+9569	镩
U+956A	镪
U+956B	镫
U+7F45	罅
U+9ECF	黏
U+7C0C	簌
U+7BFE	篾
U+7BFC	篼
U+7C16	簖
U+7C0B	簋
U+9F22	鼢
U+9EDB	黛
U+5121	儡
U+9E6A	鹪
U+9F3E	鼾
U+76A4	皤
U+9B4D	魍
U+9FA0	龠
U+7E47	繇
U+8C98	貘
U+9088	邈
U+8C94	貔
U+81CC	臌
U+81BB	膻
U+81C6	臆
U+81C3	臃
U+9CBC	鲼
U+9CBD	鲽
U+9CC0	鳀
U+9CC3	鳃
U+9CC5	鳅
U+9CC7	鳇
U+9CCA	鳊
U+87BD	螽
U+71EE	燮
U+9E6B	鹫
U+8944	襄
U+7CDC	糜
U+7E3B	縻
U+81BA	膺
U+764D	癍
U+9E8B	麋
U+61D1	懑
U+6FE1	濡
U+6FEE	濮
U+6FDE	濞
U+6FE0	濠
U+6FEF	濯
U+8E47	蹇
U+8B07	謇
U+9083	邃
U+8941	襁
U+6A97	檗
U+64D8	擘
U+5B7A	孺
U+96B3	隳
U+5B37	嬷
U+87CA	蟊
U+9E6C	鹬
U+936A	鍪
U+93CA	鏊
U+9CCC	鳌
U+9B08	鬈
U+9B03	鬃
U+77BD	瞽
U+97AF	鞯
U+97A8	鞨
U+97AB	鞫
U+97A7	鞧
U+97A3	鞣
U+85DC	藜
U+85E0	藠
U+85E9	藩
U+91AA	醪
U+8E59	蹙
U+7913	礓
U+71F9	燹
U+992E	餮
U+77BF	瞿
U+66DB	曛
U+98A2	颢
U+66DC	曜
U+8E87	躇
U+8E5A	蹚
U+9E6D	鹭
U+87DB	蟛
U+87EA	蟪
U+87E0	蟠
U+87EE	蟮
U+9E6E	鹮
U+9EE0	黠
U+9EDF	黟
U+9AC5	髅
U+9AC2	髂
U+956C	镬
U+956D	镭
U+956F	镯
U+99A5	馥
U+7C1F	簟
U+7C2A	簪
U+9F2C	鼬
U+96E0	雠
U+825F	艟
U+9CCE	鳎
U+9CCF	鳏
U+9CD0	鳐
U+765E	癞
U+7654	癔
U+765C	癜
U+7656	癖
U+7CE8	糨
U+8E69	蹩
U+938F	鎏
U+61F5	懵
U+5F5D	彝
U+908B	邋
U+9B0F	鬏
U+6509	攉
U+6512	攒
U+97B2	鞲
U+97B4	鞴
U+85FF	藿
U+8627	蘧
U+8605	蘅
U+9E93	麓
U+91AE	醮
U+91AF	醯
U+9143	酃
U+972A	霪
U+972D	霭
U+9728	霨
U+9EFC	黼
U+56AF	嚯
U+8E70	蹰
U+8E76	蹶
U+8E7D	蹽
U+8E7C	蹼
U+8E74	蹴
U+8E7E	蹾
U+8E7F	蹿
U+8816	蠖
U+8813	蠓
U+87FE	蟾
U+880A	蠊
U+9EE2	黢
U+9ACB	髋
U+9ACC	髌
U+9572	镲
U+7C40	籀
U+7C41	籁
U+9F41	齁
U+9B51	魑
U+8268	艨
U+9CD3	鳓
U+9CD4	鳔
U+9CD5	鳕
U+9CD7	鳗
U+9CD9	鳙
U+9E92	麒
U+93D6	鏖
U+7FB8	羸
U+3E06	㸆
U+701A	瀚
U+7023	瀣
U+701B	瀛
U+8966	襦
U+8C36	谶
U+895E	襞
U+9AA5	骥
U+7F35	缵
U+74D2	瓒
U+6518	攘
U+8629	蘩
U+8616	蘖
U+91B4	醴
U+9730	霰
U+9146	酆
U+77CD	矍
U+66E6	曦
U+8E85	躅
U+9F0D	鼍
U+5DC9	巉
U+9EE9	黩
U+9EE5	黥
U+9EEA	黪
U+9573	镳
U+9574	镴
U+9EE7	黧
U+7E82	纂
U+74BA	璺
U+9F2F	鼯
U+81DC	臜
U+9CDC	鳜
U+9CDD	鳝
U+9CDF	鳟
U+737E	獾
U+5B40	孀
U+9AA7	骧
U+74D8	瓘
U+9F19	鼙
U+91BA	醺
U+7934	礴
U+98A6	颦
U+66E9	曩
U+9CE2	鳢
U+766B	癫
U+9E9D	麝
U+5914	夔
U+721D	爝
U+704F	灏
U+79B3	禳
U+943E	鐾
U+7FBC	羼
U+8821	蠡
U+8031	耱
U+61FF	懿
U+8638	蘸
U+9E73	鹳
U+973E	霾
U+6C0D	氍
U+9955	饕
U+8E90	躐
U+9AD1	髑
U+9575	镵
U+7A70	穰
U+9954	饔
U+9B3B	鬻
U+9B1F	鬟
U+8DB1	趱
U+652B	攫
U+6525	攥
U+98A7	颧
U+8E9C	躜
U+9F39	鼹
U+766F	癯
U+9E9F	麟
U+8832	蠲
U+8839	蠹
U+8E9E	躞
U+8862	衢
U+946B	鑫
U+705E	灞
U+897B	襻
U+7E9B	纛
U+9B23	鬣
U+652E	攮
U+56D4	囔
U+9995	馕
U+6206	戆
U+7228	爨
U+9F49	齉